id,receipt_id,issue_date,organization_id,user_id,tax_base_basic,tax_base_reduced,total_price,free_tax_amount,vat_amount_basic,vat_amount_reduced,vat_rate_basic,vat_rate_reduced
1,O-3767E66C4F9D4D9DA7E66C4F9DFD9D0E,02.04.2022 15:09:57,1,7,25.42,7.42,39.56,0.9,5.08,0.74,20,10
2,O-9F29E0078F3F4F2CA9E0078F3F0F2C94,05.03.2022 13:56:16,2,20,50.59,11.87,71.82,-1.95,10.12,1.19,20,10
3,O-C75BD43CDF704A779BD43CDF70EA7762,05.03.2022 14:36:15,1,15,21.65,15.11,43.35,0.75,4.33,1.51,20,10
4,O-13DF179BEA9443D89F179BEA9453D8A8,26.02.2022 14:44:56,1,11,17.92,11.83,35.27,0.75,3.58,1.19,20,10
5,O-2CBA56EADDB34873BA56EADDB3787329,29.09.2023 11:32:10,3,8,115.03,27.56,168.36,0,23.01,2.76,20,10
6,O-DC66B6D14342467FA6B6D14342467F87,26.09.2023 11:00:48,4,7,49.42,0,59.31,0,9.89,0,20,10
7,O-5996188F2E3C4FB896188F2E3CDFB8A0,08.10.2023 18:28:32,3,19,38.94,15.36,63.63,0,7.79,1.54,20,10
8,O-C8C23097642942BA8230976429F2BA25,15.10.2023 17:53:30,2,11,65.54,14.8,91.18,-3.75,13.11,1.48,20,10
9,O-C75BD43CDF704A779BD43CDF70EA7762,05.03.2022 14:36:15,1,11,21.65,15.11,43.35,0.75,4.33,1.51,20,10
10,O-C75BD43CDF704A779BD43CDF70EA7762,05.03.2022 14:36:15,1,4,21.65,15.11,43.35,0.75,4.33,1.51,20,10
13,O-C75BD43CDF704A779BD43CDF70EA7762,05.03.2022 14:36:15,1,8,21.65,15.11,43.35,0.75,4.33,1.51,20,10
14,O-C75BD43CDF704A779BD43CDF70EA7762,05.03.2022 14:36:15,1,3,21.65,15.11,43.35,0.75,4.33,1.51,20,10
16,O-C75BD43CDF704A779BD43CDF70EA7762,05.03.2022 14:36:15,1,2,21.65,15.11,43.35,0.75,4.33,1.51,20,10
17,O-C75BD43CDF704A779BD43CDF70EA7762,05.03.2022 14:36:15,1,12,21.65,15.11,43.35,0.75,4.33,1.51,20,10
18,O-C75BD43CDF704A779BD43CDF70EA7762,05.03.2022 14:36:15,1,6,21.65,15.11,43.35,0.75,4.33,1.51,20,10
24,O-6188D68FF20E49A388D68FF20EF9A3EF,23.11.2023 12:49:38,5,2,39,0,46.8,0,7.8,0,20,10
25,O-1F789AF9AAD44584B89AF9AAD4C58447,19.02.2022 14:14:18,2,1,65.34,13.12,93.14,0.3,13.07,1.31,20,10
26,O-6D53E56163F34C9C93E56163F37C9CD9,26.11.2023 15:41:20,6,12,33.32,0,39.99,0,6.67,0,20,10
27,O-78F6D09FC5734B84B6D09FC5732B84D7,19.02.2022 14:18:31,7,12,0,10,11,0,0,1,20,10
28,O-78F6D09FC5734B84B6D09FC5732B84D7,19.02.2022 14:18:31,7,17,0,10,11,0,0,1,20,10
30,O-78F6D09FC5734B84B6D09FC5732B84D7,19.02.2022 14:18:31,7,10,0,10,11,0,0,1,20,10
31,O-276D9399A12E49F9AD9399A12EA9F944,14.11.2023 10:38:13,3,16,13.81,7.22,24.51,0,2.76,0.72,20,10
32,O-FF91291B0D76491491291B0D76C914AD,28.11.2023 14:15:02,3,15,27.03,17.14,51.29,0,5.41,1.71,20,10
34,O-DA7A518FCD874070BA518FCD87907050,29.11.2023 10:48:28,9,15,63.67,0,76.4,0,12.73,0,20,10
35,O-70FC32855BB44E62BC32855BB4EE62E6,22.11.2023 14:45:11,10,19,23.72,,28.47,,4.75,,20,
36,O-282EE5ED74A94E25AEE5ED74A9BE2590,22.11.2023 14:45:44,10,12,6.66,,7.99,,1.33,,20,
37,O-69848EEA3FF741F8848EEA3FF7E1F817,07.11.2023 13:11:40,11,20,3.33,30.33,37.35,0,0.67,3.03,20,10
38,O-A7500DB6C5BF45D5900DB6C5BF85D586,07.06.2023 09:07:41,12,3,,,136,136,,,,
39,O-ECE09E3D7CA84D2EA09E3D7CA88D2ED1,14.11.2023 17:55:07,13,5,0,0,3,3,0,0,20,10
40,O-F351E01BC3BE4EBD91E01BC3BEEEBD87,12.05.2023 09:02:14,14,19,,,33,33,,,,
41,O-9822FF6A91DE43B5A2FF6A91DE43B558,15.05.2023 12:08:16,12,7,,,52,52,,,,
45,O-3E31562316C24628B1562316C27628DB,30.11.2023 13:52:55,2,9,64.94,26.39,106.2,-0.75,12.99,2.64,20,10
46,O-3E31562316C24628B1562316C27628DB,30.11.2023 13:52:55,2,7,64.94,26.39,106.2,-0.75,12.99,2.64,20,10
47,V-7BC2C4E7697E41BB82C4E7697E71BBFA,01.06.2023 10:32:41,15,18,40.83,,49,,8.17,,20,
48,O-2D103E03A34D483E903E03A34D383E1F,05.12.2023 17:22:04,16,4,15.17,0,18.2,0,3.03,0,20,10
49,O-5BB0F11D00854210B0F11D0085821004,06.12.2023 14:47:22,3,14,30.69,14.68,52.98,0,6.14,1.47,20,10
50,O-01606E5446BB4240A06E5446BB324004,05.12.2023 09:52:08,17,18,11.37,0,13.65,0,2.28,0,20,10
51,O-C2AD08DEE9D34176AD08DEE9D30176F0,03.12.2023 16:43:54,18,9,50.57,0,60.69,0,10.12,0,20,10
52,O-C86D4C62986140FCAD4C62986110FCD6,05.12.2023 11:10:56,1,2,59.62,0,71.55,0,11.93,0,20,10
53,O-AE705050E9904663B05050E9900663F2,19.10.2023 10:05:22,19,20,6.69,43.46,55.84,,1.34,4.35,20,10
54,O-5C31A88B36F54748B1A88B36F5174830,13.10.2023 10:33:29,3,15,28.07,6.95,41.34,0,5.62,0.7,20,10
55,O-177B55C2D99742DFBB55C2D99742DFEA,02.10.2023 10:44:00,3,7,27.02,26.73,61.82,0,5.4,2.67,20,10
56,O-A417C4209A7742DF97C4209A7772DF37,19.10.2023 09:57:00,20,12,2.25,,2.7,,0.45,,20,
57,O-F1FA6B491B2940EABA6B491B29C0EA37,10.10.2023 10:11:32,21,8,0,17.27,19,0,0,1.73,20,10
58,O-FB98842A795742B998842A7957F2B9BA,04.06.2022 17:33:11,23,15,39,0,46.8,0,7.8,0,20,10
59,O-0411A10FB8EE4FCD91A10FB8EEAFCD8A,06.05.2022 18:21:47,24,3,69.39,,83.27,,13.88,,20,
60,O-86E97A1BDB2B489CA97A1BDB2BA89CBF,04.10.2023 10:11:22,25,14,0,4.73,5.2,0,0,0.47,20,10
61,O-97CEA78F06E640858EA78F06E6F0856B,04.10.2023 10:58:49,20,17,2.85,,3.42,,0.57,,20,
62,O-38DD9372660F4B2A9D9372660FAB2A10,05.10.2023 10:18:07,3,4,24.42,4.56,34.32,0,4.88,0.46,20,10
63,O-413852F2C4F048B2B852F2C4F088B2A2,27.09.2023 10:46:47,5,18,4.83,0,5.8,0,0.97,0,20,10
64,O-2BFD482CD1B74FCCBD482CD1B76FCC77,03.10.2023 16:10:28,10,8,9.98,,11.98,,2,,20,
65,O-6B6D396731804DF9AD39673180DDF91C,03.10.2023 11:02:07,25,4,0.75,17.09,19.7,0,0.15,1.71,20,10
66,O-5015070909CD481295070909CDC812A3,02.10.2023 10:15:03,26,2,7.82,31.25,43.75,,1.56,3.12,20,10
67,O-69AFE323A99C4E97AFE323A99C0E97A5,16.08.2022 15:49:59,27,6,,,18.9,,,,,
68,O-6260620466F846EDA0620466F876ED51,05.09.2022 15:52:48,28,10,24.96,0,29.95,0,4.99,0,20,10
69,O-FAF66397E1F94635B66397E1F95635C4,08.06.2022 10:57:01,24,4,39.15,,46.98,,7.83,,20,
70,O-137840E43D6E4F21B840E43D6EFF2181,03.06.2022 19:25:42,30,18,90.5,0,108.6,0,18.1,0,20,10
71,O-890F636F5564413C8F636F5564513C56,18.01.2022 16:12:53,28,12,49.09,0,58.91,0,9.82,0,20,10
72,O-A2909499CA0C42DD909499CA0C12DD01,24.03.2022 16:06:02,24,2,35.78,,42.94,,7.16,,20,
73,O-950685CDE6774A118685CDE6778A11DE,27.10.2023 09:33:46,31,10,19.21,0,23.05,0,3.84,0,20,10
74,O-DFAF5BB8A58D43E0AF5BB8A58DD3E003,17.10.2023 10:47:01,3,4,14.05,3.03,20.19,0,2.81,0.3,20,10
75,O-A898AB018145486E98AB018145186EDE,23.10.2023 14:02:20,3,14,11.41,11.81,26.68,0,2.28,1.18,20,10
76,O-B7387B90B62648CDB87B90B62618CD2D,27.09.2023 11:01:33,32,16,9.37,0,11.25,0,1.88,0,20,10
77,O-43EB46E4F7424375AB46E4F742E375BB,20.09.2023 11:05:04,3,15,19.82,17.76,43.32,0,3.96,1.78,20,10
78,O-F301C4E9E05D457C81C4E9E05D357C2D,26.09.2023 10:28:26,16,8,18.33,0,22,0,3.67,0,20,10
79,O-E4245A5177D242ACA45A5177D252ACB3,07.10.2023 10:39:14,33,14,63.33,0,75.99,0,12.66,0,20,10
80,O-53B57E578D6743DFB57E578D6753DFAA,18.11.2023 09:27:49,34,8,6.12,,7.35,,1.23,,20,
81,O-575F4B4308F649C49F4B4308F679C405,01.12.2023 11:07:00,3,16,31.32,25.5,65.63,0,6.26,2.55,20,10
82,O-A41A1B07EA554A769A1B07EA550A7639,29.11.2023 10:39:54,35,13,,9.35,10.29,,,0.94,,10
83,O-B06F8E1BC4E04E80AF8E1BC4E02E80BB,30.11.2023 18:50:47,36,18,0,6.36,7,0,0,0.64,20,10
84,O-D56648CB539C4608A648CB539CC6087B,25.11.2023 10:55:36,37,15,2.42,0,2.91,0,0.49,0,20,10
85,O-6FDAD08C29E14A019AD08C29E13A01AB,07.08.2023 10:55:41,3,13,25.71,13.25,45.42,0,5.14,1.32,20,10
86,O-E77512FB530A470AB512FB530AD70AEA,18.10.2023 10:35:32,20,9,2.08,1.09,3.7,,0.42,0.11,20,10
87,O-3C6E26D75BD74576AE26D75BD7957648,22.09.2023 16:08:40,37,15,9.16,0,10.24,-0.75,1.83,0,20,10
88,O-C0DC41848C6845D39C41848C68C5D333,30.08.2023 07:49:27,38,13,56.24,0,67.5,0,11.25,0,20,10
89,O-61BF68302B884DDFBF68302B881DDF1D,19.10.2023 10:04:13,39,1,5.82,3.45,10.78,,1.16,0.35,20,10
90,O-C863C98AE4664136A3C98AE4665136B6,21.11.2023 17:10:33,31,7,19.87,0,23.85,0,3.98,0,20,10
91,O-CA07397D3C85421987397D3C85A21993,28.11.2023 16:23:54,16,9,3.21,0,3.85,0,0.64,0,20,10
92,O-6DDA7AE2A3BB4C609A7AE2A3BB8C60C4,29.11.2023 10:32:39,40,1,13.26,0,15.91,0,2.65,0,20,10
93,O-70D21541E8864E46921541E8868E469C,24.11.2023 10:07:12,26,12,,6.63,7.29,,,0.66,,10
94,O-05E1ACC8BCA74345A1ACC8BCA7534520,19.09.2023 12:15:00,41,8,22.48,4.43,31.85,0,4.5,0.44,20,10
95,O-2E03672474A0445183672474A054511D,22.11.2023 11:26:57,5,11,2.3,0,2.76,0,0.46,0,20,10
96,O-2E983F04251D47EC983F04251D27ECD6,20.11.2023 11:01:52,42,19,2.33,0,2.8,0,0.47,0,20,10
97,O-C8B6E3693C7A4B13B6E3693C7A6B1331,27.11.2023 15:12:45,43,17,74.83,0,89.8,0,14.97,0,20,10
98,O-5D399702369E41BAB99702369E41BAFD,13.11.2023 10:34:28,5,8,10.62,0,12.74,0,2.12,0,20,10
99,O-F263DF26EFAE4CF7A3DF26EFAE5CF7D9,23.10.2023 10:04:12,16,3,6.25,0,7.5,0,1.25,0,20,10
100,O-EA4DACBE76C445358DACBE76C40535C1,18.11.2023 10:01:41,44,3,16.33,,19.6,,3.27,,20,
101,O-4509D8B70D0D4CF189D8B70D0D6CF1EA,13.11.2023 10:36:50,45,1,11.65,0,13.98,0,2.33,0,20,10
102,O-94202C643878407AA02C643878E07A55,24.11.2023 10:34:30,3,5,34.17,5.3,46.84,0,6.84,0.53,20,10
103,O-68D35F8C7F48496B935F8C7F48796BCB,22.11.2023 12:27:37,46,10,20.33,0,24.4,0,4.07,0,20,10
104,O-6D26301E8BEB4AD6A6301E8BEB5AD6E9,03.11.2023 17:16:18,47,7,85.42,0,102.5,0,17.08,0,20,10
105,O-EBB1A3F459744FD2B1A3F459745FD245,25.10.2023 10:22:59,48,9,9.58,0,11.5,0,1.92,0,20,10
106,O-53F9F248929145C5B9F248929115C532,31.08.2023 09:54:40,49,7,31.67,0,38,0,6.33,0,20,10
107,O-498627C96F3345DE8627C96F3345DE8C,20.11.2023 10:54:44,22,9,20.68,0,24.82,0,4.14,0,20,10
108,O-0B53DFD3CCF142A293DFD3CCF1C2A20A,16.11.2023 08:02:56,50,8,,,35,35,,,,
109,O-839FA7B8E18B45CE9FA7B8E18BB5CE9C,19.09.2023 12:24:42,51,12,2.32,0,2.78,0,0.46,0,20,10
110,O-2A9D704BFA8643819D704BFA86F381B5,27.09.2023 11:15:53,3,2,13.02,7.63,24.01,0,2.6,0.76,20,10
111,O-C84EC44389274F168EC44389278F16CB,03.09.2023 17:49:18,3,1,28.04,7,41.95,0.6,5.61,0.7,20,10
112,O-EE3AD8BEC02F43E0BAD8BEC02FE3E029,10.08.2023 10:46:59,3,16,16.42,3.41,23.46,0,3.29,0.34,20,10
113,O-D7EAA9DBE9AA4DD5AAA9DBE9AA5DD5A1,04.09.2023 12:05:00,40,5,29.5,0,35.4,0,5.9,0,20,10
114,O-C324735CC27C41E1A4735CC27CE1E126,02.09.2023 14:10:31,3,3,9.54,0,11.45,0,1.91,0,20,10
115,O-F7A1C8EFB19F4ED4A1C8EFB19FAED4BE,21.09.2023 09:46:41,21,12,0,20.45,22.5,0,0,2.05,20,10
116,O-F67CAED6B78E4307BCAED6B78EE307F4,11.09.2023 15:23:30,52,8,40,,48,,8,,20,
117,O-2FBD2560ECCB4898BD2560ECCBC8982F,24.08.2023 15:16:51,48,3,7.17,0,8.6,0,1.43,0,20,10
118,O-1183455B0A79470783455B0A79470706,24.08.2023 15:36:27,5,1,14.64,10.62,29.25,0,2.93,1.06,20,10
119,O-7352BDF5CF4E42FC92BDF5CF4E92FC29,24.08.2023 15:29:11,45,3,8.06,0,9.67,0,1.61,0,20,10
120,O-4B7FA1A4DDBC4EBCBFA1A4DDBC4EBCE3,10.10.2023 17:20:21,22,5,8.03,0.63,10.33,0,1.61,0.06,20,10
121,O-DE5A6ACE002E41CD9A6ACE002ED1CD1D,22.09.2023 11:01:02,3,15,15.57,2.71,22.57,0.9,3.12,0.27,20,10
122,O-541D4807E768494E9D4807E768894E3F,14.11.2023 10:08:48,48,14,11.92,0,14.3,0,2.38,0,20,10
123,O-6CDF6B7BECB84C119F6B7BECB8BC114C,26.09.2023 19:40:48,53,3,0,26.27,28.9,0,0,2.63,20,10
124,O-CDF6423AADB640EAB6423AADB690EA27,06.11.2023 10:11:51,3,1,15.58,12.62,32.58,0,3.12,1.26,20,10
125,O-AC02EE8491584CD282EE8491584CD294,14.11.2023 10:17:57,16,5,8.75,0,10.5,0,1.75,0,20,10
126,O-582E81CDDDBC4D46AE81CDDDBC2D469D,16.04.2023 13:28:36,16,14,7.04,0,8.45,0,1.41,0,20,10
127,O-DE61745AE6F94CB0A1745AE6F92CB009,02.11.2023 17:04:12,10,7,14.97,,17.97,,3,,20,
128,O-6A195405B9B6435A995405B9B6435A98,07.11.2023 11:26:50,54,9,7.46,,8.95,,1.49,,20,
129,O-67B246F4D6314CEEB246F4D6311CEEEC,19.11.2023 17:40:48,26,15,4.99,9.07,15.97,,1,0.91,20,10
130,O-013908B94C3F4D67B908B94C3F1D67C5,30.08.2023 09:09:59,49,15,31.67,0,38,0,6.33,0,20,10
131,O-E8010859FBB64A1E810859FBB6FA1E5B,20.11.2023 17:34:02,16,10,6.37,0,7.65,0,1.28,0,20,10
132,O-38FC15E594DE4829BC15E594DED82906,21.11.2023 11:18:01,3,13,19.55,13.39,38.19,0,3.91,1.34,20,10
133,O-668668DD769C48108668DD769C681013,15.11.2023 10:59:16,3,19,49.57,7.38,67.6,0,9.91,0.74,20,10
134,O-8BDEA38D05F246739EA38D05F2A67307,27.10.2023 09:47:22,3,7,29.73,23.58,61.62,0,5.95,2.36,20,10
135,O-912536D44AD34AFFA536D44AD39AFF25,20.10.2023 11:31:53,2,17,47.53,20.11,82.16,3,9.51,2.01,20,10
136,O-5E28884C557E40E4A8884C557EA0E4B9,25.09.2023 08:18:40,3,20,28.26,5.42,39.87,0,5.65,0.54,20,10
137,O-B837A6843CEE47EAB7A6843CEE57EAC7,23.10.2023 10:34:08,3,4,26.17,9.49,41.84,0,5.23,0.95,20,10
138,O-CC555FE057334157955FE05733215740,10.11.2023 10:40:59,3,5,43.45,18.03,71.97,0,8.69,1.8,20,10
139,O-B6D89EC65B874690989EC65B873690BD,27.10.2023 10:10:15,55,7,5.15,11.71,19.06,,1.03,1.17,20,10
140,O-C532295591024815B2295591020815A6,30.10.2023 15:36:32,1,13,12.77,0,15.33,0,2.56,0,20,10
141,O-E81C1D12640640E09C1D12640620E0CF,31.10.2023 09:58:12,37,15,9.39,0,11.27,0,1.88,0,20,10
142,O-81FD96B7674346C9BD96B7674386C999,30.10.2023 15:22:39,3,11,41.18,17.85,69.06,0,8.24,1.79,20,10
143,O-34332332225A41A5B32332225A81A588,12.10.2023 10:23:35,19,4,10.07,0,12.09,,2.02,0,20,10
144,O-C81E65809A244C999E65809A24CC991B,20.09.2023 10:43:00,56,13,3.22,9.15,13.93,0,0.65,0.91,20,10
145,O-EDD39EC92CBB4AEA939EC92CBB5AEABF,11.10.2023 10:24:58,5,7,16.23,0,19.48,0,3.25,0,20,10
146,O-3E2E433E6B044325AE433E6B0413251E,02.09.2023 14:18:15,5,19,8.32,0,9.99,0,1.67,0,20,10
147,O-2D34A7AEDF234CEBB4A7AEDF231CEBAE,30.08.2023 14:50:19,37,2,1.51,0,1.8,0,0.3,0,20,10
148,O-80582367B1344059982367B13400596C,18.11.2023 09:32:07,57,10,,3.26,3.59,,,0.33,,10
149,O-BC5E2AB86F9D42FB9E2AB86F9DE2FB10,02.11.2023 14:28:28,58,13,,4.81,5.29,,,0.48,,10
150,O-DEFF175695704AF7BF175695700AF7B7,12.09.2023 10:04:12,41,6,6.1,4.05,11.77,0,1.22,0.4,20,10
151,O-B28DDD9E753E46498DDD9E753E1649E1,05.09.2023 10:53:20,3,12,9.69,11.27,24.03,0,1.94,1.13,20,10
152,O-BC781FA1A0C140D7B81FA1A0C1A0D715,17.10.2023 16:50:16,54,12,2.75,,3.3,,0.55,,20,
153,O-7E6B2A1EE573454EAB2A1EE573854EC0,06.11.2023 21:35:12,59,20,0,21.27,23.4,0,0,2.13,20,10
154,O-784D7BD219934B8E8D7BD21993EB8E8F,17.08.2023 11:17:01,3,11,21.21,12.52,39.22,0,4.24,1.25,20,10
155,O-3A6C93D29E814012AC93D29E81101202,27.07.2023 10:17:59,2,7,37.18,26.18,73.42,0,7.44,2.62,20,10
156,O-E6AB6F5F4D874297AB6F5F4D87D297DC,11.09.2023 15:27:46,5,1,5.54,0,6.65,0,1.11,0,20,10
157,O-78CB44CE7A7942528B44CE7A794252C4,26.09.2023 13:43:25,4,1,4.97,0,6.12,0.15,1,0,20,10
158,O-2769C76A4C724065A9C76A4C72B06530,06.07.2023 12:14:58,16,20,25.75,0,30.9,0,5.15,0,20,10
159,O-0D98663307B748C898663307B7E8C8AE,03.07.2023 09:51:26,16,13,11.33,0,13.6,0,2.27,0,20,10
160,O-0166E9B072D84B0DA6E9B072D87B0D88,03.07.2023 09:42:01,26,9,,14.34,15.77,,,1.43,,10
161,O-BD1770F9CD6541439770F9CD65F1434C,28.08.2023 10:40:35,57,3,2.32,5.45,8.78,,0.47,0.54,20,10
162,O-BA66343361AE420EA6343361AEB20EAA,03.11.2023 16:51:46,64,7,12.08,,14.5,,2.42,,20,
163,O-E43B911D70604809BB911D7060F809AC,02.08.2023 12:32:38,3,6,35.79,1.35,45.79,1.35,7.16,0.14,20,10
164,O-513A452DEEC54497BA452DEEC51497B3,10.08.2023 10:29:07,16,8,13.21,0,15.85,0,2.64,0,20,10
165,O-54D7A5DC4CDA4BA697A5DC4CDA7BA6BB,20.10.2023 08:11:07,25,9,0.75,15.55,18,0,0.15,1.55,20,10
166,O-11AD57C30B61489BAD57C30B61189BD5,13.09.2023 14:38:37,19,5,,82.98,91.28,,,8.3,,10
167,O-D85FC189314345DE9FC1893143E5DE6D,21.11.2023 15:43:26,19,1,,82.98,91.28,,,8.3,,10
168,O-5415B32499D149EA95B32499D1C9EA2C,09.11.2023 08:10:33,20,19,5.47,1.09,7.76,,1.09,0.11,20,10
169,O-E810549E89A145FD90549E89A165FDA5,11.10.2023 10:50:54,3,10,23.93,4.6,30.33,-3.45,4.79,0.46,20,10
170,O-7CD60755FC8D4AFD960755FC8DDAFDF1,15.11.2023 21:19:28,65,12,,25.36,27.9,,,2.54,,10
171,O-22569D6ECD7541B7969D6ECD7541B7CB,03.11.2023 16:50:31,66,15,8.33,,10,,1.67,,20,
172,O-B3C3F7E8416949D683F7E8416989D6DA,14.09.2023 10:19:45,20,9,9.26,,11.11,,1.85,,20,
173,O-A591AD4C95DF45AF91AD4C95DF45AFAE,14.09.2023 10:27:00,22,20,2.02,1.35,3.91,0,0.4,0.14,20,10
174,O-DE98AE1789694D7098AE178969DD7086,26.09.2023 21:36:18,69,17,,12.64,13.9,,,1.26,,10
175,O-C146AC724AA44CA786AC724AA46CA770,08.09.2023 11:09:40,3,17,46.24,2.86,58.64,0,9.25,0.29,20,10
176,O-373C455CAAA54C28BC455CAAA50C28B2,21.09.2023 11:39:37,70,20,1.67,,2,,0.33,,20,
177,O-2B18187EF4A7474298187EF4A7B7426E,18.08.2023 16:18:46,49,12,59.29,0,71.15,0,11.86,0,20,10
178,O-08A4048FF15E42B3A4048FF15E42B393,18.10.2023 10:43:13,19,7,6.07,,7.29,,1.22,,20,
179,O-37225A59FFCC4B7CA25A59FFCC9B7C04,12.09.2023 21:42:37,71,2,0,82.36,90.6,0,0,8.24,20,10
180,O-D24116843E4640B38116843E46C0B3C5,12.09.2023 10:20:38,20,3,,15.4,16.94,,,1.54,,10
181,O-D355E0FAD7BB47B695E0FAD7BBB7B64B,26.03.2023 14:48:29,72,17,,6.82,7.5,,,0.68,,10
182,O-CBDFB07C69E3430C9FB07C69E3E30CA2,17.11.2023 11:09:31,73,5,72.12,0,86.54,0,14.42,0,20,10
183,O-18E95DC58D6944C3A95DC58D69D4C3B2,18.10.2023 11:32:21,74,17,1.33,23.55,27.5,,0.27,2.35,20,10
184,O-3F1B5608409C41559B5608409CF15545,18.11.2023 08:50:20,38,17,44.4,0,53.3,0,8.88,0,20,10
185,O-A3B59F1F799942E4B59F1F7999B2E46B,13.11.2023 10:16:48,10,17,2.65,,3.18,,0.53,,20,
186,O-F33AAFEC92124379BAAFEC921273790E,03.10.2023 16:10:46,10,2,1.32,,1.6,,0.27,,20,
187,O-0B1A51BE8C8341D79A51BE8C8371D734,18.10.2023 13:41:38,16,2,33.33,0,40,0,6.67,0,20,10
188,O-BA7A07236433413DBA07236433113D20,19.09.2023 12:20:30,5,5,1.9,0,2.28,0,0.38,0,20,10
189,O-44A13AFF9C144307A13AFF9C14C30727,29.09.2023 15:13:13,37,1,7.84,4.12,13.94,0,1.57,0.41,20,10
190,O-F611DE2C0FBD451691DE2C0FBD75163F,17.10.2023 16:46:30,54,1,6.71,,8.05,,1.34,,20,
191,O-FB52E52C1A3C447892E52C1A3C74784E,04.09.2023 11:30:54,75,19,16.67,0,20,0,3.33,0,20,10
192,O-4C12E5DC75EF4E6792E5DC75EF4E67D1,01.08.2023 11:46:20,16,2,14.96,0,17.95,0,2.99,0,20,10
193,O-88D4280D74654E6294280D7465CE6244,27.06.2023 17:37:23,24,12,50.39,,60.47,,10.08,,20,
194,O-270D9BF87DA74E8B8D9BF87DA7EE8B3A,04.09.2023 15:39:30,5,6,32.48,0,38.98,0,6.5,0,20,10
195,O-6E25937A97F84875A5937A97F8C875B3,04.09.2023 11:43:09,16,4,7.25,0,8.7,0,1.45,0,20,10
196,O-3C4F45004A4F491A8F45004A4F891AC4,25.08.2023 14:20:47,76,11,2.82,0,3.39,0,0.57,0,20,10
197,O-5BA42D0E1CCB4CEEA42D0E1CCBCCEE16,19.08.2023 10:02:15,37,17,7.22,0,8.22,-0.45,1.45,0,20,10
198,O-30A05DC4FFD543B7A05DC4FFD533B7EF,11.08.2023 18:22:10,77,6,,,24.7,24.7,,,,
199,O-019BBBCE3DC943F29BBBCE3DC953F2A0,28.07.2023 16:25:50,37,5,2.36,6.27,9.73,0,0.47,0.63,20,10
200,O-4CCD432CB7BF4C868D432CB7BF7C86E5,16.08.2023 10:10:21,78,20,5.83,10.45,18.5,,1.17,1.05,20,10
201,O-ADDF37B79C4245CA9F37B79C4255CA8D,03.11.2023 09:14:11,20,2,19,15.38,39.72,,3.8,1.54,20,10
202,O-4BE48979A48C489FA48979A48C189FFA,03.11.2023 09:22:11,22,6,6.02,2.34,9.8,0,1.21,0.23,20,10
203,O-3AE4576FF9824542A4576FF982D542EB,04.11.2023 09:01:23,49,11,47.5,0,57,0,9.5,0,20,10
204,O-40E3704C9B0345E8A3704C9B0315E8B3,14.10.2023 10:56:35,80,16,0,0,20,20,0,0,20,10
205,O-7BE847F2B9364206A847F2B93672061B,13.10.2023 09:31:27,50,16,,,30,30,,,,
206,O-10581744631A42E2981744631A02E22E,06.10.2023 11:30:45,41,1,6.82,0,8.18,0,1.36,0,20,10
207,O-D1174F7CE1474756974F7CE147B756CD,15.10.2023 16:11:02,81,9,,283.18,311.5,,,28.32,,10
208,O-43CBE9A78D954F268BE9A78D95FF2689,26.08.2023 12:12:15,41,6,34.37,9.21,52.28,0.9,6.88,0.92,20,10
209,O-A3602BB41FB44BD1A02BB41FB42BD192,16.09.2023 14:02:10,82,16,,49.45,54.4,,,4.95,,10
210,O-6F2E1A4A133346B4AE1A4A133306B469,08.09.2023 10:45:38,26,3,,5.45,5.99,,,0.54,,10
211,O-CCAB16F2656E4961AB16F2656EF961F1,05.09.2023 19:01:13,83,20,,191.45,210.6,,,19.15,,10
212,O-0A6D295360FB44C3AD295360FB14C334,06.09.2023 10:15:05,26,4,7.91,,9.49,,1.58,,20,
213,O-4B69F28F976D47C4A9F28F976D77C48E,06.09.2023 10:32:46,5,19,19.37,0,23.25,0,3.88,0,20,10
214,O-6098F429EA3B490598F429EA3B1905A8,06.09.2023 10:38:02,16,3,4.75,0,5.7,0,0.95,0,20,10
215,O-E38DE2CD855E4EBA8DE2CD855E9EBAAF,05.09.2023 10:25:15,10,19,4.92,,5.9,,0.98,,20,
216,O-CF24DAC7BD134A45A4DAC7BD139A4572,05.09.2023 10:31:35,48,20,6.25,0,7.5,0,1.25,0,20,10
217,O-CBF583F301C040B1B583F301C040B1CA,02.09.2023 13:35:17,84,7,0,33.55,36.9,0,0,3.35,20,10
218,O-D9CAA4F5F14D46CE8AA4F5F14D26CEF4,09.09.2023 09:27:17,18,20,61.81,0,74.17,0,12.36,0,20,10
219,O-A1B004D66EC247D5B004D66EC287D58F,26.09.2023 15:08:44,85,9,7.25,,8.7,,1.45,,20,
220,O-6BCE12736539452D8E12736539152D6C,24.08.2023 16:10:13,3,1,46.35,0,55.62,0,9.27,0,20,10
221,O-8D6A86D6C08E4D3DAA86D6C08E8D3DD2,30.09.2023 16:31:47,79,8,15.54,,18.65,,3.11,,20,
222,O-933B417EF0774B7CBB417EF0777B7C8F,02.09.2023 14:30:08,86,7,8.85,,10.62,,1.77,,20,
223,O-6C16ABE28FD6431F96ABE28FD6731FF8,14.08.2023 14:58:11,87,18,,9.27,10.2,,,0.93,,10
224,O-0A36050D78FA4200B6050D78FA72002C,24.08.2023 16:21:33,88,8,8.75,0,10.5,0,1.75,0,20,10
225,O-64A1811EF5234D8CA1811EF5231D8C02,31.08.2023 18:56:09,41,1,15.4,2.62,21.36,0,3.08,0.26,20,10
226,O-FE7A0842272340CDBA08422723B0CDDF,25.08.2023 14:13:05,16,11,16.46,0,19.75,0,3.29,0,20,10
227,O-C26C026F50414BF3AC026F50417BF316,25.08.2023 20:26:56,83,18,32.5,293.27,361.6,,6.5,29.33,20,10
228,O-07A11C6EE7B44976A11C6EE7B41976E1,15.08.2023 19:06:02,48,10,35,0,42,0,7,0,20,10
229,O-99D8DC0C9DFE4A1C98DC0C9DFEDA1C6A,13.08.2023 16:30:58,4,3,63.62,0,76.35,0,12.73,0,20,10
230,O-96BB094E72024831BB094E7202D831B7,15.08.2023 19:09:59,16,7,12.42,0,14.9,0,2.48,0,20,10
231,O-FC9EF271B5D244AF9EF271B5D284AFD4,21.08.2023 10:35:49,79,16,14.45,2.46,20.05,,2.89,0.25,20,10
232,O-11199EAD3F134043999EAD3F13304345,16.08.2023 13:17:16,74,16,,18.18,20,,,1.82,,10
234,O-15FC632AB1B94A6CBC632AB1B9BA6CDE,12.07.2023 17:32:45,3,20,16.71,8.78,29.86,0.15,3.34,0.88,20,10
236,O-CC81FB36618C43C981FB36618C43C9CF,12.07.2023 17:15:53,16,17,21.37,0,25.65,0,4.28,0,20,10
237,O-144F4787A9F5413D8F4787A9F5713D92,23.07.2023 15:24:24,41,2,46.66,16.34,73.96,0,9.33,1.63,20,10
238,O-D5B1CC55283F47B4B1CC55283F67B45B,23.07.2023 12:45:50,47,1,38.82,0,46.59,0,7.77,0,20,10
239,O-A7054F1FEC0C4907854F1FEC0C390770,25.10.2023 15:44:03,90,16,11.17,0,13.4,0,2.23,0,20,10
240,O-8FE556E9F5C64B87A556E9F5C64B8785,06.07.2023 12:17:05,91,12,7.17,0,8.6,0,1.43,0,20,10
241,O-9C25DCCD2D04495EA5DCCD2D04295E20,23.07.2023 14:01:16,92,5,0,53.18,58.5,0,0,5.32,20,10
242,O-2B834606930D4077834606930D0077ED,08.07.2023 11:59:07,6,5,7.99,0,9.59,0,1.6,0,20,10
243,O-C7BB8AB69FB94F22BB8AB69FB9EF2202,03.07.2023 10:16:14,3,9,28.72,6.15,41.23,0,5.75,0.61,20,10
244,O-5519D7F2D7E6474699D7F2D7E6774621,12.07.2023 13:53:19,79,9,9.32,,11.18,,1.86,,20,
245,O-0D96CD9B2E6C495B96CD9B2E6CB95B38,22.08.2023 15:40:31,93,3,1.47,0,1.75,0,0.3,0,20,10
246,O-93B9F586BF4E404DB9F586BF4E004D50,22.08.2023 16:14:48,94,19,10.52,2.17,15.02,0,2.11,0.22,20,10
247,O-E520D64607054055A0D6460705F05539,23.08.2023 14:56:05,95,16,1.97,0,2.35,0,0.4,0,20,10
248,O-323AC5FF05E541A1BAC5FF05E581A1BD,12.07.2023 17:02:34,19,16,18.39,11.07,34.25,,3.68,1.11,20,10
249,O-D9EC1AF15BF8409CAC1AF15BF8B09CB3,12.07.2023 17:42:51,84,3,0,10.73,11.8,0,0,1.07,20,10
250,O-A5A18B88F6D248C4A18B88F6D2B8C4C3,03.07.2023 16:08:09,87,20,,16.1,17.7,,,1.6,,10
251,O-D8BFF61C0E0B4CAEBFF61C0E0B0CAEB2,06.07.2023 17:20:33,97,1,29,0,34.8,0,5.8,0,20,10
252,O-00F3CF740F194F47B3CF740F195F47C1,06.08.2023 16:40:27,4,20,58.33,0,70,0,11.67,0,20,10
253,O-AC2F506DCFF24277AF506DCFF2427754,28.07.2023 17:04:43,1,11,7.94,2.45,12.37,0.15,1.59,0.24,20,10
254,O-F5FAFDDE0BDA417FBAFDDE0BDAF17F4C,28.06.2023 10:52:33,3,17,19.95,0,23.94,0,3.99,0,20,10
255,O-8AC19FAC48FB46F6819FAC48FB56F660,28.06.2023 10:53:49,3,8,18.85,13.7,37.69,0,3.77,1.37,20,10
256,O-251A32EE1B3F4AD59A32EE1B3F4AD50F,22.07.2023 18:42:15,31,4,19.21,0,23.05,0,3.84,0,20,10
259,O-87E6BCAF53AB4733A6BCAF53AB5733D9,29.06.2023 11:04:22,3,6,67.69,3.39,88.56,3.6,13.54,0.34,20,10
261,O-4974F0E512F84490B4F0E512F8E49065,01.08.2023 12:46:16,84,8,0,22.45,24.7,0,0,2.25,20,10
263,O-E79083979D5C442F9083979D5CF42FBC,12.07.2023 17:05:26,100,20,8.32,0,9.99,,1.67,0,20,10
264,O-7BCBB4D14AA74A418BB4D14AA7AA4151,06.07.2023 10:45:23,101,3,19.25,,23.1,,3.85,,20,
265,O-1D3333C56BAE40EBB333C56BAE40EB9A,13.07.2023 17:27:44,84,16,0,23.09,25.4,0,0,2.31,20,10
266,O-20F09D27252B4A39B09D27252B4A3919,28.06.2023 18:21:35,75,3,14.67,0,17.6,0,2.93,0,20,10
267,O-278B20E9994B4DCD8B20E9994B3DCDD1,02.08.2023 13:56:25,84,18,0,8.55,9.4,0,0,0.85,20,10
268,O-EDCACF2ADA8F49BE8ACF2ADA8FE9BE18,22.07.2023 14:42:08,104,14,0,6.36,7,0,0,0.64,20,10
269,O-951552659A10482A9552659A10782AFA,22.07.2023 15:18:13,104,18,0,2.27,2.5,0,0,0.23,20,10
270,O-DA7C206000F74532BC206000F79532B1,26.06.2023 10:13:32,19,2,3.41,17.85,23.72,,0.68,1.78,20,10
271,O-CD695A0805E941F3A95A0805E971F38D,01.08.2023 09:56:19,18,3,33.35,0,40.02,0,6.67,0,20,10
272,O-B4E977AEE9354215A977AEE935D21502,14.10.2023 12:11:12,80,16,,32,35.2,,,3.2,,10
273,O-9721E64EBE7F45ABA1E64EBE7FD5AB60,08.07.2023 13:34:36,84,9,0,47.09,51.8,0,0,4.71,20,10
274,O-194D739EE6014A088D739EE601AA08A9,11.12.2023 10:05:04,3,4,6.48,0,7.78,0,1.3,0,20,10
275,O-86E07C17D1E6474BA07C17D1E6174B35,11.12.2023 10:27:32,106,1,,,30,30,,,,
276,O-536C4F78E1FE4DB2AC4F78E1FEADB2DE,11.12.2023 10:04:03,3,4,27.52,10.69,44.78,0,5.5,1.07,20,10
277,O-8CD3DA32A005406193DA32A005E06165,11.12.2023 10:16:37,107,1,18.69,0,22.43,0,3.74,0,20,10
278,O-96FBECCF0D8D45B4BBECCF0D8D05B463,10.12.2023 19:03:24,47,14,149.7,0,179.64,0,29.94,0,20,10
279,O-47C8BA85F24E413C88BA85F24E113C39,08.12.2023 13:44:39,44,16,13.25,,15.9,,2.65,,20,
280,O-FEF78CB6086D42AFB78CB6086DB2AFE6,09.12.2023 11:31:15,108,20,,,24.55,,,,,
281,O-3063C1EBB75D4C9FA3C1EBB75D3C9FCB,10.12.2023 19:29:57,39,8,17.42,0,20.9,,3.48,0,20,10
282,O-8C5B09800D5245289B09800D527528D5,06.12.2023 16:09:01,109,7,36.67,0,44,,7.33,0,20,10
283,O-CEF74A0B91B24BE5B74A0B91B2BBE542,05.12.2023 20:12:36,106,3,,,9,9,,,,
284,O-41C0A388F102422580A388F102F225BF,05.12.2023 19:34:47,110,17,20.83,0,25,0,4.17,0,20,10
285,O-230AFB13C3E141448AFB13C3E1314424,07.12.2023 12:51:21,10,1,11.66,,13.99,,2.33,,20,
286,O-64B3C14575214F59B3C14575210F5956,07.12.2023 12:39:22,111,16,4.16,0,4.99,0,0.83,0,20,10
287,O-FF475A57302E4E13875A57302ECE13B1,07.12.2023 11:58:16,48,12,3.25,0,3.9,0,0.65,0,20,10
288,O-DEE0DD66281B437EA0DD66281B837E28,07.12.2023 10:39:24,54,19,6.42,,7.7,,1.28,,20,
289,O-A8D90CE70EF44F8C990CE70EF4EF8C3E,07.12.2023 12:03:17,45,14,14.16,0,16.99,0,2.83,0,20,10
290,O-A637AC5993094870B7AC599309E870BC,07.12.2023 11:23:38,22,6,12.69,1.54,16.92,0,2.54,0.15,20,10
291,O-A74E676430CA43E98E676430CA73E9C6,08.12.2023 12:30:33,3,6,35.68,7.39,50.95,0,7.14,0.74,20,10
292,O-F98B538DF513417B8B538DF513717B06,09.12.2023 10:27:20,112,13,,19.09,21,,,1.91,,10
293,O-45EBF33CEA444570ABF33CEA4455705A,09.12.2023 11:31:46,112,19,,19.09,21,,,1.91,,10
294,O-2ACC31A52C1041618C31A52C10A161B4,18.12.2023 15:35:49,113,8,25.8,0,30.96,0,5.16,0,20,10
295,O-CDC785CD22444B6F8785CD22446B6FB1,19.12.2023 15:49:47,17,2,16.77,0,20.12,0,3.35,0,20,10
296,O-1C86C61CEAB54FAE86C61CEAB54FAE61,11.12.2023 22:49:05,114,1,0,35.73,39.3,0,0,3.57,20,10
297,O-772DC3EFB9F14494ADC3EFB9F1349458,15.11.2023 18:55:41,115,15,14.08,,16.9,,2.82,,20,
298,O-7A5B5C48430C4EA49B5C48430CDEA41A,17.12.2023 17:09:35,45,1,4.16,0,4.99,0,0.83,0,20,10
299,O-B8F614EF8C29498DB614EF8C29998DB9,17.12.2023 17:01:48,16,5,22.12,0,26.55,0,4.43,0,20,10
300,O-90D4F38BD609492F94F38BD609592F83,18.12.2023 09:50:32,19,16,4.42,,5.31,,0.89,,20,
301,O-42DB7E712A554C3F9B7E712A55CC3F3C,18.12.2023 09:51:13,19,19,22.91,,27.49,,4.58,,20,
302,O-7FA6B010E53F44AFA6B010E53FA4AFFD,18.12.2023 10:06:21,117,4,,,7.5,,,,,
303,O-B61B28B3EF6344CD9B28B3EF63E4CD57,16.12.2023 10:33:47,22,3,19.04,2.87,26.01,0,3.81,0.29,20,10
304,O-277CC0A25BDA46D6BCC0A25BDAD6D67F,18.12.2023 16:42:18,118,17,,,7,7,,,,
305,O-D577AD1F23FA4803B7AD1F23FA180361,16.12.2023 17:31:28,18,17,45.82,0,54.98,0,9.16,0,20,10
306,O-08846B67F7DA4C28846B67F7DA4C28E0,16.12.2023 16:11:13,119,12,60.83,0,73,0,12.17,0,20,10
307,O-DB4E6EE6E8F140808E6EE6E8F190807B,16.12.2023 16:41:18,47,14,4.08,0,4.9,0,0.82,0,20,10
308,O-444C79E922354AC48C79E922354AC462,11.12.2023 18:43:20,120,6,,,14,14,,,,
309,O-3F4B2CF7392C4A0E8B2CF7392C4A0EDC,18.12.2023 10:05:05,22,3,6.75,1.02,9.22,0,1.35,0.1,20,10
310,O-62969021693F483D969021693FB83D6D,09.01.2024 11:41:46,41,9,43.59,13.28,67.07,0.15,8.72,1.33,20,10
311,O-5FA465B43B944ABEA465B43B94DABED3,10.01.2024 18:48:31,3,5,52.97,19.82,85.37,0,10.6,1.98,20,10
312,O-F5288594F1BA45DEA88594F1BA65DE9D,05.01.2024 13:41:44,3,17,72.75,20.64,110,0,14.55,2.06,20,10
313,O-4FF146617F444E19B146617F446E19EF,04.01.2024 12:49:28,1,14,39.02,26.56,76.05,0,7.81,2.66,20,10
314,O-D01D728055E14C309D728055E1BC3013,11.01.2024 14:57:18,121,3,3.17,0,3.8,0,0.63,0,20,10
315,O-21921F315234423E921F315234A23E63,11.01.2024 14:54:39,122,1,2.75,1.45,4.9,,0.55,0.15,20,10
316,O-C06D96CCB4B2447CAD96CCB4B2F47C89,12.01.2024 12:01:26,123,20,0,7.26,7.99,0,0,0.73,20,10
317,O-1A5E6CFFBED049119E6CFFBED09911B5,18.01.2024 18:20:47,107,1,4.15,0,4.98,0,0.83,0,20,10
318,O-A1A1D8AFECB846D0A1D8AFECB896D0E3,16.01.2024 16:13:59,16,3,4.83,0,5.8,0,0.97,0,20,10
319,O-B719917EAE2B435699917EAE2B635678,16.01.2024 15:09:46,16,18,9.37,0,11.25,0,1.88,0,20,10
320,O-392C038E780B481EAC038E780B581E4A,18.01.2024 16:18:57,46,10,11.25,0,13.5,0,2.25,0,20,10
321,O-038055754CF44DB38055754CF44DB3A6,18.01.2024 18:30:14,51,3,20.8,0,24.96,0,4.16,0,20,10
322,O-0508DDD24BAE435188DDD24BAED3512A,18.01.2024 10:53:41,124,8,5.11,5.71,12.56,0.15,1.02,0.57,20,10
323,O-C20CD111EFBB49338CD111EFBBE933E2,13.01.2024 10:32:03,3,14,5.13,0,6.16,0,1.03,0,20,10
324,O-8F76EE2C6D87433CB6EE2C6D87633C06,13.01.2024 11:05:39,125,18,13,0,15.6,0,2.6,0,20,10
325,O-593106B315F14740B106B315F1E7406D,15.01.2024 08:11:29,124,15,12.66,1.26,16.58,0,2.53,0.13,20,10
326,O-5350F94AA51C470390F94AA51C4703C8,12.01.2024 10:02:50,124,2,12.23,6.42,21.75,0,2.45,0.64,20,10
327,O-5C768C309C394883B68C309C39A8832A,13.01.2024 11:13:49,1,10,10.38,0,14.26,1.8,2.08,0,20,10
328,O-8C38D0E05029405DB8D0E05029D05D2D,24.12.2023 09:53:20,75,2,58.33,0,70,0,11.67,0,20,10
329,O-C506D56E53B14AD286D56E53B1EAD286,17.01.2024 17:08:59,3,17,41.53,22.07,74.42,0.3,8.31,2.21,20,10
330,O-B962D2839B274FF2A2D2839B27EFF2EE,13.01.2024 10:17:08,126,8,,,20,20,,,,
331,O-061D021EEE3D4C0D9D021EEE3D6C0DB0,13.01.2024 10:49:03,127,1,26.78,,32.14,,5.36,,20,
332,O-CAF09C0AEF244A90B09C0AEF249A90A2,19.01.2024 19:33:34,128,9,0,11.64,12.8,0,0,1.16,20,10
333,O-C1853DF8CE4F4EDF853DF8CE4F9EDFC6,21.01.2024 09:24:42,1,11,21.58,7.3,31.83,-2.1,4.32,0.73,20,10
334,O-9983DFAA6C99487A83DFAA6C99E87ADB,19.01.2024 10:59:24,3,16,26.35,19.45,53.02,0,5.27,1.95,20,10
335,O-246F7BA5F2214129AF7BA5F221D1297D,24.01.2024 15:08:06,129,7,,16.33,17.96,,,1.63,,10
336,O-526D09B105804A7DAD09B105805A7D51,05.01.2024 14:35:09,130,10,4.58,,5.5,,0.92,,20,
337,O-7B69D2866EB047A8A9D2866EB077A803,27.12.2023 15:40:04,56,3,0,3.51,3.86,0,0,0.35,20,10
338,O-E16773D422444607A773D42244C607A1,05.01.2024 14:17:56,131,18,0,9.73,10.7,0,0,0.97,20,10
339,O-3EF4436F0B394128B4436F0B39D1285C,15.01.2024 14:44:39,56,13,1.66,2.45,4.68,0,0.33,0.24,20,10
340,O-0E3F33B43DF04DADBF33B43DF01DADE3,26.01.2024 13:40:02,56,7,1.66,4.5,6.94,0,0.33,0.45,20,10
341,O-35AC1DE69C3D459CAC1DE69C3D359C0D,11.01.2024 11:26:16,132,4,,10.18,11.2,,,1.02,,10
342,O-4ADE37490DA741749E37490DA7317447,26.01.2024 11:53:22,41,13,5.82,0,6.99,0,1.17,0,20,10
343,O-77C89612D5734132889612D57371325A,26.01.2024 11:46:56,133,20,4.16,0,4.99,,0.83,0,20,10
344,O-51A2AF3997C249C4A2AF3997C239C450,26.01.2024 08:43:42,1,1,34.97,21.02,62.38,-2.7,6.99,2.1,20,10
345,O-8F26DEE1C58C41F7A6DEE1C58C61F7EC,26.01.2024 08:52:24,122,8,4.21,1.45,6.65,,0.84,0.15,20,10
346,O-3F4B775AD8324A8C8B775AD832FA8CEC,29.01.2024 16:16:58,3,14,100.36,23.87,146.69,0,20.07,2.39,20,10
347,O-A2B59ECE14EE4271B59ECE14EE3271D7,29.01.2024 16:22:10,54,16,4.79,12.09,19.05,,0.96,1.21,20,10
348,O-D2ABDA1246B24CE4ABDA1246B2BCE4F5,25.01.2024 09:49:36,134,14,,9.91,10.9,,,0.99,,10
350,O-AFA97CF043464502A97CF04346250235,25.01.2024 10:26:12,107,12,11.22,0,13.46,0,2.24,0,20,10
351,O-948CB9ABC539452C8CB9ABC539552C51,15.01.2024 09:56:38,16,19,9.96,0,11.95,0,1.99,0,20,10
352,O-A772DE96173B4F95B2DE96173BDF956B,08.01.2024 10:29:18,3,15,22.05,8.24,35.52,0,4.41,0.82,20,10
353,O-D2FA262C563342D4BA262C563382D4AA,26.01.2024 11:10:23,19,2,,21.34,23.47,,,2.13,,10
354,O-9570BB037A7B4DACB0BB037A7BEDACC7,18.01.2024 15:18:11,17,2,3.42,3.77,8.25,0,0.68,0.38,20,10
355,O-E09C21E6D6FE4D059C21E6D6FE5D0557,29.01.2024 09:51:17,3,19,37.17,10.17,55.8,0,7.44,1.02,20,10
356,O-63BC7361CC0E4F7ABC7361CC0E5F7A17,11.01.2024 10:31:17,22,17,3.69,1.53,4.91,-1.2,0.74,0.15,20,10
357,O-BDBF201CCD534113BF201CCD53011388,12.01.2024 10:54:28,5,20,6.91,0,8.29,0,1.38,0,20,10
358,O-03A9C27D58A14BA8A9C27D58A12BA807,12.01.2024 11:13:48,3,10,25.89,0,31.07,0,5.18,0,20,10
359,O-E74EF1EE5BD845DC8EF1EE5BD8E5DC20,23.01.2024 16:25:16,20,6,2.27,6.48,9.86,,0.46,0.65,20,10
360,O-F1A90C9F783441FBA90C9F783431FBFB,17.01.2024 13:44:56,22,15,15.8,1.35,20.45,0,3.16,0.14,20,10
361,O-1E7D356C045F4549BD356C045F154922,21.12.2023 10:29:32,58,11,,10.74,11.81,,,1.07,,10
362,O-2504978F2BCF440A84978F2BCFD40A6D,10.01.2024 10:38:13,3,5,30.99,14.26,52.88,0,6.2,1.43,20,10
363,O-3A5C2CD135134E569C2CD13513CE5637,15.01.2024 10:15:01,3,1,25.58,9.45,41.1,0,5.12,0.95,20,10
364,O-0A2F4A21958C455DAF4A21958CC55DF5,08.01.2024 10:10:42,16,8,39.58,0,47.5,0,7.92,0,20,10
365,O-0387BCFBC96943FB87BCFBC96923FB18,09.01.2024 10:46:49,19,12,21.51,,25.81,,4.3,,20,
366,O-44A1CDC575C544BFA1CDC575C5F4BF5B,20.01.2024 14:55:54,84,12,2.42,54.36,62.7,0,0.48,5.44,20,10
367,O-7FE56E26F19E4E28A56E26F19EEE2893,16.01.2024 10:15:21,135,5,4,,4.8,,0.8,,20,
368,O-7D571F64DD5043D9971F64DD5003D923,12.01.2024 10:47:51,136,7,10.81,,12.97,,2.16,,20,
369,O-E55C88E110634DD49C88E11063BDD451,21.12.2023 10:26:18,20,4,13.4,,16.08,,2.68,,20,
370,O-8679DAC1CE784FE0B9DAC1CE78CFE0A6,15.01.2024 15:02:05,25,6,0,9,9.9,0,0,0.9,20,10
371,O-B7CE21971B9543E98E21971B9573E9F1,15.01.2024 09:43:43,48,13,2.08,0,2.5,0,0.42,0,20,10
372,O-D13F4E2722264933BF4E2722267933E3,17.12.2023 16:50:55,10,20,4.99,,6,,1,,20,
373,O-4925B1298EC34B6DA5B1298EC3AB6D42,29.12.2023 12:28:25,79,15,,2.35,2.59,,,0.24,,10
374,O-972FF6C05E3B4AE8AFF6C05E3BEAE8C3,20.12.2023 11:19:42,3,3,4.12,0,4.95,0,0.83,0,20,10
375,O-0A154FDA03CF42C4954FDA03CF82C465,06.01.2024 11:54:17,137,8,0,16.36,18,0,0,1.64,20,10
376,O-823CA33FF4EA4FCCBCA33FF4EAAFCCC0,03.01.2024 10:39:55,18,20,28.3,0,33.96,0,5.66,0,20,10
378,O-D63481AB6E984307B481AB6E98330736,07.01.2024 17:28:34,4,16,62.44,0,74.93,0,12.49,0,20,10
379,O-C2EF80A0C49F4234AF80A0C49F42342F,20.12.2023 11:31:45,3,13,90.73,35.97,148.45,0,18.15,3.6,20,10
380,O-5AC2EA7DE3AE4D4B82EA7DE3AE6D4BCA,25.01.2024 10:13:46,3,18,29.92,17.38,55.03,0,5.99,1.74,20,10
381,O-56990FC4DFA94F0D990FC4DFA90F0DFE,31.01.2024 11:20:41,139,10,185.65,0,222.8,0,37.13,0,20,10
383,O-44A7095608734123A709560873C12398,30.01.2024 19:12:22,56,19,3.32,0,3.99,0,0.67,0,20,10
384,O-B6397774988A46C9B97774988A46C99F,31.01.2024 15:32:55,56,17,2.63,0,3.16,0,0.53,0,20,10
385,O-CD8A7262CF6849728A7262CF687972A6,30.01.2024 14:32:21,56,19,1.66,0,1.99,0,0.33,0,20,10
386,O-CD8A7262CF6849728A7262CF687972A6,30.01.2024 14:32:21,56,5,1.66,0,1.99,0,0.33,0,20,10
390,O-A050DF873F96461690DF873F969616D7,14.12.2023 17:13:45,141,9,45.44,,54.53,,9.09,,20,
391,O-1D319319AAD841F5B19319AAD841F5D4,15.12.2023 21:24:16,41,12,12.49,0,14.99,0,2.5,0,20,10
392,O-1D319319AAD841F5B19319AAD841F5D4,15.12.2023 21:24:16,41,1,12.49,0,14.99,0,2.5,0,20,10
393,O-52330FB66CF54AABB30FB66CF54AAB1A,14.12.2023 17:58:49,142,1,378.77,0,454.52,0,75.75,0,20,10
394,O-1D319319AAD841F5B19319AAD841F5D4,15.12.2023 21:24:16,41,15,12.49,0,14.99,0,2.5,0,20,10
395,O-E0355D00C135432EB55D00C135F32E8E,01.02.2024 17:10:30,143,2,10.08,,12.1,,2.02,,20,
396,O-EBB62769E4574DD1B62769E4572DD143,01.02.2024 17:58:48,3,16,5.42,6.39,13.53,0,1.08,0.64,20,10
397,O-D8B689CA0B614318B689CA0B617318B4,01.02.2024 18:00:44,3,8,1.45,0,1.74,0,0.29,0,20,10
398,O-53F14C07D2894695B14C07D289269569,24.01.2024 18:16:15,3,13,58.56,10.1,81.38,0,11.71,1.01,20,10
399,O-D19D663EB38845499D663EB3881549F9,02.02.2024 09:24:16,3,1,60.86,24.23,99.68,0,12.17,2.42,20,10
400,O-7F2D3B33A6A14D26AD3B33A6A1ED26C4,02.02.2024 08:58:03,144,16,5.83,0,7,0,1.17,0,20,10
401,O-3751E2B77A714EEB91E2B77A71DEEB49,18.01.2024 08:36:16,4,7,58.44,0,70.13,0,11.69,0,20,10
402,O-EA64314559334544A43145593365447F,02.02.2024 09:17:15,48,5,15.79,0,18.95,0,3.16,0,20,10
403,O-C1C33F6AA52348B7833F6AA523C8B775,02.02.2024 19:08:04,2,3,35.15,11.07,54.36,0,7.03,1.11,20,10
404,O-7D888C542C384ACD888C542C382ACD92,02.02.2024 12:22:13,145,12,3.67,,4.4,,0.73,,20,
405,O-52D1AACE12CD40AD91AACE12CDD0ADC1,02.02.2024 12:38:30,56,16,9.4,0,11.3,0,1.88,0,20,10
406,O-28C3B3F67B414F1E83B3F67B41DF1E17,08.02.2024 12:54:54,145,19,4.42,,5.3,,0.88,,20,
407,O-280587A725C64DD98587A725C6DDD96E,08.02.2024 17:50:12,3,5,7.01,6.43,15.33,-0.15,1.4,0.64,20,10
408,O-89A08173C15A450EA08173C15A050E28,05.02.2024 16:34:53,3,14,8.6,2.97,13.59,0,1.72,0.3,20,10
409,O-456FCDD780A0411DAFCDD780A0D11DBB,15.12.2023 12:17:34,146,5,147.92,,177.5,,29.58,,20,
412,O-D962FFB3DC754FA3A2FFB3DC754FA3BF,09.02.2024 12:16:49,56,15,31.07,5.05,42.84,0,6.22,0.5,20,10
413,O-B87B5B86F48B4CC3BB5B86F48BFCC321,09.02.2024 11:56:18,27,17,,,62.52,,,,,
414,O-A7BBD9E6A76C4F88BBD9E6A76CBF888F,08.02.2024 18:35:08,16,14,23.08,0,28,0.3,4.62,0,20,10
415,O-FB5518439694468895184396947688A4,09.02.2024 19:18:36,3,20,95.3,31.69,149.22,0,19.06,3.17,20,10
416,O-F07031B4835C498FB031B4835C198F08,07.02.2024 15:51:22,124,5,8.87,7.75,19.16,0,1.77,0.77,20,10
417,O-92BFDA33050147FEBFDA330501B7FE39,08.02.2024 18:43:58,16,12,61.54,4.64,78.95,0,12.31,0.46,20,10
418,O-38B9F3C8A7684813B9F3C8A7687813CE,09.02.2024 08:43:45,1,16,41.47,19.43,72.19,1.05,8.29,1.95,20,10
419,O-1262B5B0640A4180A2B5B0640A3180C2,04.02.2024 13:27:31,124,16,11.52,0,13.82,0,2.3,0,20,10
420,O-0D28C64C7F524456A8C64C7F5214564A,08.02.2024 11:57:01,4,7,53.5,0,64.2,0,10.7,0,20,10
421,O-4E00D4C0065849FF80D4C00658B9FF25,11.02.2024 10:47:52,1,4,30.52,2.17,39.16,0.15,6.1,0.22,20,10
422,O-79C113F4DCF54D308113F4DCF53D30A3,02.02.2024 15:02:24,56,1,3.32,0,3.98,0,0.66,0,20,10
423,O-F5B7283F38874160B7283F388781603E,02.02.2024 14:56:40,56,5,1.9,0,2.45,0.15,0.38,0,20,10
424,O-6CCBD259957744648BD25995771464AE,12.02.2024 16:48:23,147,10,7.96,0,9.55,0,1.59,0,20,10
425,O-6CCBD259957744648BD25995771464AE,12.02.2024 16:48:23,147,5,7.96,0,9.55,0,1.59,0,20,10
426,O-DB44DDD9CFC94D0084DDD9CFC9FD0007,15.02.2024 11:36:54,1,4,12.83,0,15.4,0,2.57,0,20,10
427,O-130C352AED6A4CC08C352AED6A7CC014,14.02.2024 12:13:32,3,2,80.07,37.73,137.73,0.15,16.01,3.77,20,10
428,O-983EE74F5CA24F36BEE74F5CA23F36B7,12.02.2024 18:33:51,148,20,0.82,17.21,19.92,,0.17,1.72,20,10
429,O-990019FA586445FB8019FA586405FBA1,15.02.2024 16:22:52,149,10,110.66,0,132.79,0,22.13,0,20,10
430,O-908B1BA7C1D144378B1BA7C1D154379F,21.02.2024 17:26:23,56,19,22.66,10.85,39.13,0,4.53,1.09,20,10
431,O-717ACD2657764E3BBACD2657765E3BC6,23.02.2024 09:45:56,26,1,,20.7,22.75,,,2.07,,10
432,O-BE0827C462DC4A8F8827C462DCEA8F30,21.02.2024 10:17:34,3,5,67.1,10.38,91.95,0,13.42,1.04,20,10
433,O-B57D9C0DDB4A434EBD9C0DDB4A034E5E,16.02.2024 10:18:53,3,13,25.52,15.24,47.4,0,5.11,1.52,20,10
434,O-95C95F4A1DE44878895F4A1DE478787F,20.02.2024 16:22:37,20,4,3.07,17.63,23.08,,0.62,1.76,20,10
435,O-A15BE74177FB45CF9BE74177FBF5CF91,19.02.2024 10:31:52,3,16,38.77,11.29,58.95,0,7.76,1.13,20,10
436,O-CAFE78C4309A4DCBBE78C4309A1DCB85,15.02.2024 08:01:15,20,16,4.07,0.68,5.64,,0.82,0.07,20,10
437,O-098D9ED4E0F345B38D9ED4E0F365B300,09.02.2024 10:52:15,45,2,5.48,0,6.58,0,1.1,0,20,10
438,O-EF71088EBED949B1B1088EBED909B158,12.02.2024 11:35:26,16,17,20.67,0,24.8,0,4.13,0,20,10
439,O-601D5EBEE46E42609D5EBEE46E6260FB,06.02.2024 17:26:14,19,20,24.97,1.65,31.8,,4.99,0.17,20,10
440,O-D54CF0AC8B724A718CF0AC8B721A7110,13.02.2024 09:55:24,3,12,28.12,5.66,39.98,0,5.63,0.57,20,10
441,O-215C1F0B6CAE42D09C1F0B6CAE82D061,08.02.2024 17:36:25,150,18,100,0,120,0,20,0,20,10
442,O-90F88BA3E3AC40D2B88BA3E3AC00D2CE,19.02.2024 11:43:59,134,3,,16,17.6,,,1.6,,10
443,O-A59809C3327C47DE9809C3327CC7DE2A,22.02.2024 16:48:04,25,1,0,12.91,14.2,0,0,1.29,20,10
444,O-79E9FC734E57487AA9FC734E57687ADA,13.02.2024 09:59:09,26,1,,2.63,2.9,,,0.26,,10
445,O-6B10D3D85CD540E590D3D85CD500E5B5,14.02.2024 19:52:24,39,19,17.41,0,20.89,,3.48,0,20,10
446,O-F73E65BB0F6A4278BE65BB0F6AD278DA,06.02.2024 17:43:32,22,11,10.98,7.37,21.3,0,2.2,0.74,20,10
447,O-89970A1149DC43B1970A1149DC13B182,07.02.2024 10:15:54,10,5,20.22,,24.25,,4.04,,20,
448,O-3B94181DB64844C194181DB64864C184,05.12.2023 20:30:48,45,12,7.88,0,9.46,0,1.58,0,20,10
449,O-814C3B77A91942468C3B77A9191246DA,09.02.2024 10:56:30,45,3,11.06,0,13.27,0,2.21,0,20,10
450,O-EB336386763249D3B36386763259D3E9,05.02.2024 10:36:44,3,1,32.06,8.98,48.35,0,6.41,0.9,20,10
451,O-228F1A603AF741028F1A603AF7310212,01.02.2024 10:21:54,16,1,9.33,0,11.2,0,1.87,0,20,10
452,O-422F10EF6DFA4934AF10EF6DFA793402,18.02.2024 11:42:49,125,8,5,0,6,0,1,0,20,10
453,O-61E5EC6E1B034903A5EC6E1B03390393,18.02.2024 11:22:19,26,10,11.82,,14.18,,2.36,,20,
454,O-438372E5A38048AE8372E5A38098AEC0,07.02.2024 10:45:17,3,11,46.99,9.61,66.95,0,9.4,0.96,20,10
455,O-9278876749A74D5FB8876749A70D5F75,09.02.2024 10:42:16,16,12,10.98,0,13.2,0,2.2,0,20,10
456,O-4D7DA7D36A2A42A3BDA7D36A2A22A319,05.02.2024 10:00:15,19,13,9.67,30.03,44.65,,1.93,3,20,10
457,O-791E157209E549019E157209E5C90106,28.12.2023 17:29:19,151,12,6.45,0,7.9,0.15,1.29,0,20,10
458,O-E717FA07F490465297FA07F490765232,09.02.2024 11:08:53,3,14,13.42,6.22,22.95,0,2.69,0.62,20,10
459,O-22B23739EE2C4519B23739EE2C251963,18.02.2024 11:38:34,100,2,29.16,0,34.99,,5.83,0,20,10
460,O-1A4D608BAE4840FF8D608BAE4850FF1A,05.02.2024 17:53:04,6,19,125.19,0,150.23,0,25.04,0,20,10
461,O-A0BE7D9903A8482EBE7D9903A8082E95,01.02.2024 10:15:40,26,18,,6.9,7.6,,,0.69,,10
462,O-C9F639A881F441D6B639A881F4D1D6C6,01.02.2024 10:43:54,3,3,29.87,11.46,48.45,0,5.97,1.15,20,10
463,O-FA3631B83DBC43D4B631B83DBCA3D4B3,31.01.2024 11:53:46,20,17,8.87,1.09,11.84,,1.77,0.11,20,10
464,O-386D9636C6B04966AD9636C6B0296617,31.01.2024 11:23:53,139,8,11.27,0,13.55,0,2.26,0,20,10
465,O-973FB39881394166BFB398813951666B,05.02.2024 17:02:49,10,10,3.32,,3.99,,0.67,,20,
466,O-6E6EEF81537F4A1CAEEF81537FAA1C41,03.02.2024 10:23:21,151,2,6.32,0,7.6,0,1.27,0,20,10
467,O-DD6BD0634D4449A6ABD0634D4489A614,03.02.2024 08:18:10,49,19,40,0,48,0,8,0,20,10
468,O-970E11F3F57E498E8E11F3F57E498E9D,02.06.2023 10:16:45,10,9,7.91,,9.5,,1.58,,20,
469,O-0C82D6301589459D82D6301589F59D3D,03.02.2024 08:15:12,18,7,60.75,0,72.9,0,12.15,0,20,10
470,O-AEE96684A28441BAA96684A28451BA60,22.12.2023 13:04:15,92,4,0,58.36,64.2,0,0,5.84,20,10
471,O-918527CAA2704B868527CAA270EB8613,23.02.2024 17:17:28,152,18,209.16,0,250.99,0,41.83,0,20,10
472,O-F71233DEC27645479233DEC276454762,05.03.2024 10:31:27,3,13,57.65,17.43,88.35,0,11.53,1.74,20,10
473,O-996B95349ED64DEBAB95349ED66DEBD3,02.03.2024 11:04:11,153,11,10.13,2.82,15.26,,2.03,0.28,20,10
474,O-A4A02A2C8C1D453DA02A2C8C1D353D8C,04.03.2024 09:52:31,154,4,0,9.52,10.47,0,0,0.95,20,10
475,O-E56AEB8947374E85AAEB8947378E85AC,05.03.2024 10:06:50,155,4,9.21,1.45,12.65,,1.84,0.15,20,10
476,O-BCCE72B0191A40628E72B0191A206205,04.03.2024 10:01:42,79,10,6.54,1.63,9.64,,1.31,0.16,20,10
477,O-9F4DF645A4D742A98DF645A4D7E2A9D8,02.03.2024 10:37:12,44,5,13.92,,16.7,,2.78,,20,
478,O-34F320C60F824EACB320C60F825EAC67,01.03.2024 17:24:22,75,9,10.83,0,13,0,2.17,0,20,10
479,O-EDF1C0736CE943F4B1C0736CE983F42F,02.03.2024 08:34:29,38,3,68,0,81.6,0,13.6,0,20,10
480,O-6826854E6DEC4CA1A6854E6DEC2CA110,04.03.2024 09:03:13,49,17,20,0,24,0,4,0,20,10
481,O-EF517D423E7C4666917D423E7C9666B5,05.03.2024 11:01:55,156,3,43.42,0,52.1,0,8.68,0,20,10
482,O-5849EEE4920A4BF089EEE4920A9BF01D,02.03.2024 10:05:27,151,16,3.03,0,3.8,0.15,0.61,0,20,10
483,O-EAC62689745445C18626897454B5C122,01.03.2024 17:57:50,47,4,70.77,0,84.93,0,14.16,0,20,10
484,O-E2DB2F332C534D489B2F332C535D4814,11.03.2024 11:10:37,25,18,0.75,13.36,15.6,0,0.15,1.34,20,10
485,O-8C3CC8113CA742B5BCC8113CA792B545,24.11.2023 20:02:49,24,17,66.66,,79.99,,13.33,,20,
486,O-F5B6AA6DB101487AB6AA6DB101087AB7,16.03.2024 10:46:30,18,7,52.07,0,62.48,0,10.41,0,20,10
487,O-CFA2A3F676EA4409A2A3F676EA040904,12.09.2023 19:14:47,157,5,37.64,0,45.17,,7.53,0,20,10
489,O-F0A16443C6B74819A16443C6B7481962,06.03.2024 17:41:52,151,12,6.72,0,8.05,0,1.34,0,20,10
490,O-29A7968E78C7407CA7968E78C7A07C0D,12.03.2024 19:18:48,26,17,18.49,,22.19,,3.7,,20,
491,O-08BC6F6B4B744466BC6F6B4B74D46610,11.03.2024 10:01:20,3,13,32.98,23.41,65.33,0,6.6,2.34,20,10
492,O-02C729A07FC142978729A07FC1E297DF,13.03.2024 11:12:48,3,3,42.62,3.46,54.95,0,8.52,0.35,20,10
493,O-CC36155AE24B4E14B6155AE24B6E141A,27.02.2024 10:56:51,32,9,7.67,0,9.2,0,1.53,0,20,10
494,O-7D39A4FF212344B7B9A4FF212344B767,07.03.2024 16:04:26,44,17,21.87,,26.25,,4.38,,20,
496,O-A124CD1EB4F746CDA4CD1EB4F786CD15,11.03.2024 10:52:07,19,17,23.85,12.74,42.63,,4.77,1.27,20,10
497,O-D9FF318DAE6C4171BF318DAE6CD171DE,16.03.2024 11:12:39,49,20,32,0,38.4,0,6.4,0,20,10
498,O-E26A99B8A21E4790AA99B8A21E07904B,18.02.2023 11:53:14,45,16,9.99,0,11.99,0,2,0,20,10
499,O-1DDA572F47554ACC9A572F47557ACC6C,17.02.2023 12:57:18,158,13,18.75,,22.5,,3.75,,20,
500,O-D2F756ADCC1C4AA5B756ADCC1C7AA529,14.03.2024 10:55:07,16,19,29.87,0,35.85,0,5.98,0,20,10
501,O-82A64D9D84F34487A64D9D84F3948772,27.02.2024 10:49:31,16,17,5.87,0,7.05,0,1.18,0,20,10
502,O-EEFAA4F51FC24A4FBAA4F51FC20A4FE2,28.02.2024 10:15:05,26,4,,5.08,5.59,,,0.51,,10
503,O-9636089D4007469AB6089D4007369A33,26.02.2024 11:01:44,5,12,6.97,0,8.37,0,1.4,0,20,10
504,O-0DD1731E4F8F441191731E4F8F94118C,24.02.2024 09:31:08,18,9,37.98,0,45.58,0,7.6,0,20,10
505,O-108CBE97D1D541B28CBE97D1D591B2E6,24.02.2024 09:34:17,49,19,40,0,48,0,8,0,20,10
506,O-8D42D9B334B84D3582D9B334B8DD3536,28.02.2024 10:33:32,3,12,13.4,4.51,21.04,0,2.68,0.45,20,10
507,O-6E941DB561904DE5941DB56190FDE5F2,15.03.2024 09:47:45,26,9,18.49,,22.19,,3.7,,20,
508,O-806D638A799E4637AD638A799EF637C3,01.03.2024 10:27:22,3,7,47.37,32.2,92.27,0,9.48,3.22,20,10
509,O-6DA4B024C16146F4A4B024C16186F40B,28.02.2024 10:36:49,117,14,0.67,0,0.8,0,0.13,0,20,10
510,O-F299962ED1724AF399962ED1724AF306,29.12.2023 14:48:09,3,20,65.32,26.09,107.24,0.15,13.07,2.61,20,10
511,O-D67325595B674A4DB325595B679A4DA1,12.03.2024 11:04:28,19,19,3.74,7.95,13.24,,0.75,0.8,20,10
512,O-F07DF9D8168C4C42BDF9D8168CEC4252,15.03.2024 10:13:15,3,15,22.3,8.85,36.49,0,4.46,0.88,20,10
513,O-463D096141F240FCBD096141F280FC4E,16.03.2024 11:04:46,44,16,17.54,,21.05,,3.51,,20,
514,O-06EFEA1462C94D7DAFEA1462C9AD7D5B,13.03.2024 10:42:32,107,5,19.98,0,23.98,0,4,0,20,10
515,O-EF7954CD43D34191B954CD43D35191C9,08.03.2024 16:12:08,151,3,12.22,4.48,19.75,0.15,2.45,0.45,20,10
516,O-8445987C390E4D9085987C390EED909A,28.02.2024 19:49:44,36,12,17.5,3.18,24.5,0,3.5,0.32,20,10
517,O-DB5EC15A933D4A769EC15A933D3A766B,26.02.2024 09:01:33,159,20,,31.73,34.9,,,3.17,,10
518,O-C614423A86284E2194423A86286E2112,31.12.2023 13:09:31,79,4,3.04,,3.65,,0.61,,20,
519,O-C844ECBB7DF1480D84ECBB7DF1480D22,10.03.2024 13:00:17,92,16,12.87,2.27,17.94,0,2.57,0.23,20,10
520,O-D42F3AC1DA824F0BAF3AC1DA827F0BD6,10.03.2024 13:38:21,92,7,0,54.73,60.2,0,0,5.47,20,10
521,O-A107B1EB9A844AA287B1EB9A841AA27E,18.03.2024 10:07:29,160,13,19.04,0,22.85,0,3.81,0,20,10
522,O-EFFB3ACA1A244AFABB3ACA1A24BAFA7D,10.03.2024 14:32:23,161,10,7.49,,8.99,,1.5,,20,
525,O-5631723A40744891B1723A407498919D,07.03.2024 16:12:26,153,7,6.58,,7.9,,1.32,,20,
526,O-F810C6F37CD841F790C6F37CD8C1F737,19.03.2024 18:47:59,5,14,2.69,0,3.23,0,0.54,0,20,10
527,O-3DCEBD82B75D4A078EBD82B75D3A07A2,28.03.2024 08:46:12,41,5,64.44,14.53,93.46,0.15,12.89,1.45,20,10
528,O-BF4E30F0B9CE4EF18E30F0B9CE0EF115,04.04.2024 12:06:45,16,3,32.29,0,38.75,0,6.46,0,20,10
529,O-66E483C5E82A4BC0A483C5E82AEBC01F,09.04.2024 16:21:41,1,11,32.1,19.62,60.1,0,6.42,1.96,20,10
530,O-80ED72910F1E467EAD72910F1E067E73,12.04.2024 10:52:53,2,11,3.8,0,1.11,-3.45,0.76,0,20,10
531,O-DC2973E5E58E456CA973E5E58E356C0E,12.04.2024 10:45:47,2,18,25.84,0,32.21,1.2,5.17,0,20,10
532,O-263FECE3ADBC4A57BFECE3ADBCFA5705,12.04.2024 08:23:35,1,15,30.65,2.34,39.36,0,6.13,0.24,20,10
533,O-C7AD7E237FC54B40AD7E237FC5CB4012,12.04.2024 11:29:19,163,12,22.96,0,27.55,0,4.59,0,20,10
534,O-898D26EAF89B41F08D26EAF89BF1F09F,12.04.2024 11:19:49,16,9,2.66,0.73,3.99,0,0.53,0.07,20,10
535,O-426D28704D074CEBAD28704D071CEB0A,15.04.2024 13:44:21,1,10,43.48,18.02,72.01,0,8.7,1.81,20,10
536,O-388A4A378D2E4C178A4A378D2EBC1716,17.04.2024 10:35:37,107,12,46.63,0,55.96,0,9.33,0,20,10
537,O-2A6FA9A368F342B5AFA9A368F322B514,27.03.2024 11:03:46,5,17,12.67,0,15.2,0,2.53,0,20,10
538,O-A6EEBBDFF1C848BEAEBBDFF1C8F8BEEC,06.04.2024 12:57:56,48,6,0.83,0,1,0,0.17,0,20,10
539,O-A653C90428464A2493C9042846BA24D0,17.04.2024 14:52:20,164,7,6.08,0,7.3,0,1.22,0,20,10
540,O-B76F1F236A0E47B1AF1F236A0E57B18E,12.04.2024 17:19:21,165,14,0,5.45,6,0,0,0.55,20,10
541,O-EABF2B3CFAAD4C9BBF2B3CFAAD2C9B3D,18.04.2024 10:12:41,54,13,9.92,11.77,24.85,,1.98,1.18,20,10
542,O-09E630049E284C97A630049E283C9778,18.04.2024 10:21:24,19,8,7.08,5.45,14.49,,1.42,0.54,20,10
543,O-E185AFCA607B40E885AFCA607B80E855,18.04.2024 10:35:24,113,10,10.04,0,12.05,0,2.01,0,20,10
544,O-B7E22F91A39E48F9A22F91A39E28F9DB,18.04.2024 09:52:23,10,9,22.49,,26.99,,4.5,,20,
545,O-CE0C43FAF4694B168C43FAF469DB1685,20.04.2024 15:12:12,1,18,43.61,21.04,75.48,0,8.72,2.11,20,10
546,O-36EA0AB8B5E04448AA0AB8B5E05448C0,19.03.2024 16:00:15,166,2,5.75,,6.9,,1.15,,20,
547,O-464635A68090452F8635A68090952FEC,25.04.2024 11:54:48,2,5,23.49,11.51,40.85,0,4.7,1.15,20,10
548,O-C1BC197EFF51476FBC197EFF51076F9C,24.04.2024 16:14:49,107,5,9.98,0,11.98,0,2,0,20,10
549,O-EF5BE774006E4C919BE774006E2C91D4,24.04.2024 15:51:30,107,6,28.52,0,34.23,0,5.71,0,20,10
550,O-56318BD38DFE4334B18BD38DFEF3349F,24.04.2024 16:20:46,88,19,9.08,,10.9,,1.82,,20,
551,O-478B8D4CAA3741878B8D4CAA3751876B,24.04.2024 14:49:28,3,8,69.92,23.86,110.61,0.45,13.99,2.39,20,10
552,O-D50C3DB882F64CF18C3DB882F61CF15C,24.04.2024 10:36:19,111,16,20.61,0,24.73,0,4.12,0,20,10
553,O-9C54C40E5CD443AF94C40E5CD493AF4B,22.04.2024 10:58:18,3,13,26.6,17.07,50.7,0,5.32,1.71,20,10
554,O-2C4D3274A2FB4D8B8D3274A2FBED8BD6,20.04.2024 12:42:25,75,1,27.92,0,33.5,0,5.58,0,20,10
555,O-5CB2112F8CBE4BE7B2112F8CBEBBE76F,19.04.2024 10:09:52,3,20,20.74,10.65,36.6,0,4.15,1.06,20,10
556,O-7B703EA63167421AB03EA63167D21A96,18.04.2024 20:07:42,167,17,8.97,20.52,33.35,0,1.79,2.05,20,10
557,O-0D2896452E524D18A896452E521D180E,19.04.2024 17:43:23,168,7,16.14,2.08,21.81,0.15,3.23,0.21,20,10
558,O-0B350AD60FE446BDB50AD60FE4B6BDED,17.04.2024 16:05:59,10,13,21.15,,25.4,,4.23,,20,
559,O-E1DDF228ABDD47AB9DF228ABDDE7ABC9,17.04.2024 16:07:00,10,4,23.32,,27.98,,4.66,,20,
560,O-2C8CDAE207354D9F8CDAE207358D9FF8,16.04.2024 08:00:41,3,4,9.97,0,11.96,0,1.99,0,20,10
561,O-51109F8B1A924CC0909F8B1A923CC0C1,15.04.2024 11:37:57,16,6,11.5,2.18,16.2,0,2.3,0.22,20,10
562,O-99E53AC939354EB7A53AC939355EB794,06.04.2024 14:33:53,169,19,6.75,69.18,84.2,0,1.35,6.92,20,10
563,O-DFCB6E6E213044BE8B6E6E213084BE98,08.04.2024 14:19:33,170,12,0,7.68,8.45,0,0,0.77,20,10
564,O-6EF4F869E71B40D2B4F869E71B70D203,02.04.2024 10:28:13,154,7,1.87,10.39,13.68,0,0.38,1.04,20,10
565,O-23F5F62ED74D4F9DB5F62ED74D3F9D4A,22.03.2024 13:08:18,84,10,0,26,28.6,0,0,2.6,20,10
566,O-8E43294770494AC28329477049CAC214,21.03.2024 12:03:07,139,19,83.7,0,100.44,0,16.74,0,20,10
567,O-E0649D8B24764FFFA49D8B24762FFF48,30.03.2024 09:40:43,151,7,20.71,8.68,34.4,0,4.14,0.87,20,10
568,O-E2DB2F332C534D489B2F332C535D4814,11.03.2024 11:10:37,25,3,0.75,13.36,15.6,0,0.15,1.34,20,10
569,O-A14DAF8AE07A4FCF8DAF8AE07A8FCFEA,12.04.2024 10:36:45,101,13,26.08,,31.3,,5.22,,20,
570,O-299DBEDFC9084EF39DBEDFC908EEF37A,03.04.2024 10:56:10,124,13,18.58,6.58,29.54,0,3.72,0.66,20,10
571,O-81C2C94CED29489A82C94CED29189AF9,12.04.2024 10:11:18,3,18,43.48,15.37,69.09,0,8.7,1.54,20,10
572,O-F8B8C8E9936C4B90B8C8E9936C4B9078,03.04.2024 18:59:27,172,20,90.83,81,198.1,0,18.17,8.1,20,10
573,O-FB65D045D40245E9A5D045D402B5E9B5,02.04.2024 17:41:28,18,8,30.78,0,36.94,0,6.16,0,20,10
574,O-2CE666DEAEFA40F8A666DEAEFA10F862,08.04.2024 10:49:47,3,9,39.62,14.39,63.37,0,7.92,1.44,20,10
575,O-9D0CF384A05449CD8CF384A05469CD97,12.04.2024 17:45:05,165,7,36.4,44.01,92.09,0,7.28,4.4,20,10
576,O-94CCB9A8D74743B98CB9A8D74793B91B,28.03.2024 10:23:26,151,1,8.27,1.98,12.1,0,1.65,0.2,20,10
577,O-517B32AF062A43DBBB32AF062A73DBD8,25.03.2024 11:21:52,3,3,24.54,13.19,44.11,0.15,4.91,1.32,20,10
578,O-CDCD8505459346DC8D8505459366DC6C,27.03.2024 10:22:47,3,13,64.89,21.51,101.53,0,12.98,2.15,20,10
579,O-F02471C8AC7A403AA471C8AC7A903ABF,22.03.2024 10:24:33,3,17,25.28,2.75,33.37,0,5.06,0.28,20,10
580,O-CF99EA1127214F4D99EA1127219F4D8E,13.04.2024 10:58:20,151,1,7.33,1.09,10,0,1.47,0.11,20,10
581,O-59F7F186BA6B4552B7F186BA6BC55238,07.04.2024 14:09:07,84,6,11.71,36.91,54.65,0,2.34,3.69,20,10
582,O-A60A8AF45AEA414B8A8AF45AEAB14BED,21.03.2024 10:53:02,47,6,33.46,0,40.15,0,6.69,0,20,10
583,O-D237E908A98A48F7B7E908A98AA8F717,07.02.2024 16:33:04,173,12,157.5,0,189,0,31.5,0,20,10
584,O-C35540B4143742C09540B4143792C08A,22.03.2024 10:00:08,5,13,18.54,0,22.25,0,3.71,0,20,10
585,O-70B7DAA75EE14C45B7DAA75EE19C457A,24.03.2024 11:32:20,174,13,0,15.45,17,0,0,1.55,20,10
586,O-9F772593610B444DB72593610B844D58,21.03.2024 12:06:05,139,15,8.32,0,9.99,0,1.67,0,20,10
587,O-E84F665C53EC47AB8F665C53EC07ABD2,20.03.2024 10:40:21,3,16,28.55,9.84,45.08,0,5.71,0.98,20,10
588,O-A04B3B64A07E43D58B3B64A07EE3D552,22.03.2024 10:02:27,166,11,14.04,,16.85,,2.81,,20,
589,O-A8CF7993F68C43D48F7993F68CA3D44C,03.04.2024 10:42:23,27,5,,,36.9,,,,,
590,O-562FA3F4ECA64D28AFA3F4ECA66D2806,28.04.2024 17:08:05,175,4,16,8.18,28.2,0,3.2,0.82,20,10
591,O-7D4D5ECC9A0246BE8D5ECC9A0206BEEB,26.04.2024 17:32:24,18,3,68.22,0,81.86,0,13.64,0,20,10
592,O-DB8A91DA4214474E8A91DA4214C74EE6,27.04.2024 10:03:09,151,19,9.77,0,12.18,0.45,1.96,0,20,10
593,O-1944F1628B614BB684F1628B61BBB678,27.03.2024 16:03:42,19,20,,9.44,10.38,,,0.94,,10
594,O-33FAA82FC68A4E21BAA82FC68ACE2186,26.04.2024 17:08:41,175,18,11.67,8.18,23,0,2.33,0.82,20,10
595,O-CA5ACC8E06434DEC9ACC8E06436DEC10,16.04.2024 09:44:55,5,15,12.11,0,14.53,0,2.42,0,20,10
596,O-AED85C1FF1F0493C985C1FF1F0693CF6,29.04.2024 10:42:03,41,9,0.61,3.16,4.21,0,0.12,0.32,20,10
597,O-2BF0569F697A44D5B0569F697AA4D51E,30.04.2024 13:09:17,3,17,12.7,17.94,34.97,0,2.54,1.79,20,10
598,O-EC2DA5C2E8FF4FF2ADA5C2E8FF5FF229,26.04.2024 10:20:32,20,14,4.9,2.36,8.48,,0.98,0.24,20,10
599,O-4ED1BC6AFEF641A691BC6AFEF651A6E6,30.04.2024 11:38:27,176,15,0,15.82,17.4,0,0,1.58,20,10
600,O-40BF2B79DB2C494EBF2B79DB2C194E8D,30.04.2024 17:35:03,47,1,183.27,0,219.93,0,36.66,0,20,10
601,O-EA7EC37523734003BEC3752373300392,30.04.2024 17:56:47,47,3,9.57,0,11.49,0,1.92,0,20,10
602,O-2608C3D854004E1588C3D854003E155A,03.05.2024 15:21:16,175,16,17.5,22.91,46.2,0,3.5,2.29,20,10
603,O-C3010399700E4423810399700E242344,02.05.2024 08:57:33,3,11,29.69,9.95,46.58,0,5.94,1,20,10
604,O-9091CE55D8FD494691CE55D8FDC9468F,03.05.2024 12:18:33,41,12,3.48,1.54,5.87,0,0.7,0.15,20,10
605,O-F2E964F92C654F2EA964F92C65FF2E68,01.05.2024 13:40:30,169,10,0,52.73,58,0,0,5.27,20,10
606,O-0F0E814F0D2E4A1D8E814F0D2E9A1D43,05.05.2024 12:12:07,41,16,0.87,1.14,2.3,0,0.18,0.11,20,10
607,O-ABD8F9DAFFF0428A98F9DAFFF0828A80,10.05.2024 09:25:22,3,8,42.92,21.66,75.64,0.3,8.59,2.17,20,10
608,O-31712ED4F2CF4C11B12ED4F2CF3C1128,06.05.2024 11:40:51,177,6,1.33,3.36,5.3,,0.27,0.34,20,10
609,O-6FA5EDC854AE4F78A5EDC854AE0F7844,06.05.2024 10:21:06,3,12,30.91,7.72,45.58,0,6.18,0.77,20,10
610,O-7435216792EE4CDFB5216792EE3CDFA0,09.05.2024 16:22:21,178,8,7.5,0,9,0,1.5,0,20,10
611,O-35476799A5994E08876799A5993E0800,06.05.2024 10:28:40,16,4,12.12,0,14.55,0,2.43,0,20,10
612,O-88CD1A901C244C9E8D1A901C24BC9E61,10.05.2024 12:11:18,20,8,1.42,15,18.2,,0.28,1.5,20,10
613,O-F7680285354F4552A80285354FB552B1,19.12.2023 09:14:16,50,18,,,-10,-10,,,,
614,O-11B09CC003A64D37B09CC003A62D3758,10.05.2024 17:18:01,175,5,33.33,0,40,0,6.67,0,20,10
615,O-865F974CA2004F069F974CA200AF06DD,12.05.2024 16:56:49,18,9,39.59,0,47.51,0,7.92,0,20,10
616,O-2336FB8B5F014A23B6FB8B5F019A23DF,10.05.2024 17:26:43,41,4,8.48,1.42,11.74,0,1.7,0.14,20,10
617,O-3C60D71FF0A34F85A0D71FF0A32F85B2,09.05.2024 16:32:19,179,17,0,0,5.06,5.06,0,0,20,10
618,O-C604C83B4053467D84C83B4053D67DB0,12.05.2024 17:17:11,175,9,33.33,29.45,72.4,0,6.67,2.95,20,10
619,O-F4839713485F45C9839713485FF5C9B0,13.05.2024 09:36:25,41,1,21.47,0,25.76,0,4.29,0,20,10
620,O-54C80CABDE854D76880CABDE85ED7616,13.05.2024 11:00:35,107,20,24.99,0,29.99,0,5,0,20,10
621,O-D97D97571F0F48AEBD97571F0F48AE92,13.05.2024 10:48:39,16,13,15.17,0,18.2,0,3.03,0,20,10
622,O-3E46C3C5252E438986C3C5252E03897E,13.05.2024 11:18:37,3,16,7.97,3.5,13.42,0,1.6,0.35,20,10
623,O-0038008C12D84674B8008C12D83674F8,14.05.2024 08:51:35,1,13,59.82,18.42,89.94,-2.1,11.96,1.84,20,10
624,O-D4E3E6A18C614314A3E6A18C61631476,13.05.2024 13:06:32,16,14,24.33,0,29.2,0,4.87,0,20,10
625,O-EDB252919A8E485DB252919A8E785D61,13.05.2024 12:37:26,181,3,0,0,30,30,0,0,20,10
626,O-59ABC43101FF423CABC43101FFE23C80,07.05.2024 11:37:08,121,6,6.82,0,8.18,0,1.36,0,20,10
627,O-86B2083A98164910B2083A98160910A2,05.05.2024 15:12:21,41,18,11.5,3.11,18.12,0.9,2.3,0.31,20,10
628,O-239B89F51E3F47179B89F51E3FA717BB,14.05.2024 13:40:37,41,19,4.64,2.58,8.56,0.15,0.93,0.26,20,10
629,O-A0E6127EB0954DE6A6127EB095DDE684,16.05.2024 10:35:38,2,5,46.94,7.89,65.01,0,9.39,0.79,20,10
630,O-0D4EC63CDA1D47488EC63CDA1D874825,21.05.2024 12:12:16,16,15,16.58,0,19.9,0,3.32,0,20,10
631,O-41933980CC2A4B2D933980CC2A3B2D87,21.05.2024 11:58:41,1,2,39.72,15.77,65.02,0,7.95,1.58,20,10
632,O-43D40742FCB14089940742FCB1F089CD,23.05.2024 10:48:05,182,10,0,12.86,14.15,0,0,1.29,20,10
633,O-A671AA1714164A16B1AA1714165A1602,13.05.2024 10:43:38,26,18,,6.9,7.59,,,0.69,,10
634,O-E91141081D224C069141081D223C06F3,16.05.2024 10:43:05,183,13,42.55,0,51.06,,8.51,0,20,10
635,O-D3EC1F9C717546FEAC1F9C717506FE8F,25.05.2024 11:18:06,44,5,12.5,,15,,2.5,,20,
636,O-2A0CED7D76B8492A8CED7D76B8A92A6A,22.05.2024 10:13:19,3,1,35.69,10.93,54.85,0,7.14,1.09,20,10
637,O-8CF73ED82C9B46A5B73ED82C9B56A518,16.05.2024 10:59:58,32,1,10.96,0,13.15,0,2.19,0,20,10
638,O-74FC2732EFE242B1BC2732EFE232B1F1,24.05.2024 10:27:13,3,18,38.85,4.96,52.08,0,7.77,0.5,20,10
639,O-1FCBDAACB0CD4A8A8BDAACB0CD3A8A27,17.05.2024 18:18:53,5,15,4.46,0,5.35,0,0.89,0,20,10
640,O-444C01FD50E242628C01FD50E27262D2,24.05.2024 11:09:57,184,17,41.63,0,49.96,0,8.33,0,20,10
641,O-77C4D95868DC44EC84D95868DC74EC64,20.05.2024 17:10:37,22,11,5.47,4.03,11,0,1.1,0.4,20,10
642,O-A228B8D891044A67A8B8D89104EA6758,15.05.2024 09:58:15,3,17,44.75,9.05,63.65,0,8.95,0.9,20,10
643,O-22F85DA8CDCC4995B85DA8CDCC09952B,15.05.2024 09:32:50,10,13,2.49,,2.99,,0.5,,20,
644,O-A64CE6E7154940FE8CE6E7154940FE05,14.05.2024 10:44:28,19,1,3.74,8.54,13.88,,0.75,0.85,20,10
645,O-A22993532C684A0CA993532C685A0C50,22.05.2024 15:41:32,28,2,21.62,0,25.95,0,4.33,0,20,10
646,O-C170404E3FCA4332B0404E3FCA23327D,17.05.2024 17:45:57,16,9,4.79,0,5.75,0,0.96,0,20,10
647,O-B863FE96AC424153A3FE96AC424153A3,17.05.2024 18:18:08,185,3,26.5,,31.8,,5.3,,20,
648,O-0C3B7A1D5EDE4C56BB7A1D5EDEBC562E,25.05.2024 11:31:39,18,1,35.36,0,42.43,0,7.07,0,20,10
649,O-BA17630F6E7A47E897630F6E7A97E8FF,25.05.2024 11:26:57,49,16,12,0,14.4,0,2.4,0,20,10
650,O-7B98F89B266E41DB98F89B266EF1DB9D,28.05.2024 16:57:59,124,6,8.62,3.96,14.7,0,1.72,0.4,20,10
651,O-64920EB60AA14033920EB60AA1003369,03.06.2024 16:59:41,16,17,20.58,0,24.85,0.15,4.12,0,20,10
652,O-0E70AEDD87E04C68B0AEDD87E09C68E2,09.06.2024 17:07:35,18,5,49.97,0,59.96,0,9.99,0,20,10
653,O-09FD8CA9F3994D0FBD8CA9F3993D0F68,04.06.2024 11:06:22,3,5,30.49,18.58,57.03,0,6.1,1.86,20,10
654,O-A11F3E842D524B8C9F3E842D527B8CB5,31.05.2024 10:09:36,3,6,11.71,9.32,24.3,0,2.34,0.93,20,10
655,O-94D8613B74444BFA98613B7444FBFA8A,04.06.2024 17:26:54,10,3,4.99,,5.99,,1,,20,
656,O-7E00D3FCA95B4ED780D3FCA95B5ED797,07.06.2024 12:18:18,3,5,47.18,11.87,70.88,1.2,9.44,1.19,20,10
657,O-4F478D2DA7CA459C878D2DA7CA059C42,05.06.2024 15:43:41,185,5,29.29,,35.15,,5.86,,20,
658,O-0E6E8B65CAF54BB8AE8B65CAF5DBB856,30.05.2024 11:36:37,19,10,20.33,5.55,30.5,,4.07,0.55,20,10
659,O-F4AC1EDF32B445ABAC1EDF32B4C5AB9F,18.04.2024 22:43:01,186,10,22,13.55,41.3,0,4.4,1.35,20,10
660,O-273E72F7E8D143D3BE72F7E8D193D32C,05.06.2024 12:23:55,187,19,0,4.45,4.9,0,0,0.45,20,10
661,O-3E2E37D96DE742E2AE37D96DE7A2E2F3,04.06.2024 17:38:42,100,17,19.16,0,22.99,,3.83,0,20,10
662,O-370D0223360043478D02233600B347D2,31.05.2024 10:23:50,20,14,,13,14.3,,,1.3,,10
663,O-2CC9070F5705410689070F5705810631,07.06.2024 17:31:40,184,9,50.61,0,60.73,0,10.12,0,20,10
664,O-6590F193267D46E890F193267DC6E849,29.05.2024 11:23:31,16,14,28.83,0,34.6,0,5.77,0,20,10
665,O-4ADA89F0EDBA41899A89F0EDBA01895D,28.05.2024 11:25:46,3,1,22.57,14.23,42.73,0,4.51,1.42,20,10
666,V-0701F2FEA88C400F81F2FEA88C600F65,16.09.2023 10:29:56,188,19,,165,187.5,6,,16.5,,10
667,O-440AC0D6F0D54C038AC0D6F0D55C035E,29.05.2024 11:42:13,48,13,2.5,0,3,0,0.5,0,20,10
668,O-D451BC56F02B4F8F91BC56F02BAF8FDF,28.05.2024 18:14:29,83,13,5.92,113,131.4,,1.18,11.3,20,10
669,O-AB44B11559F642BA84B11559F672BACA,10.06.2024 17:17:48,3,4,35.57,13.41,57.58,0.15,7.11,1.34,20,10
670,O-CF20612ECE724285A0612ECE72E2854D,10.06.2024 15:47:06,147,1,24.08,0,28.9,0,4.82,0,20,10
671,O-EDBD06E9EE1E4206BD06E9EE1E520652,13.06.2024 11:23:01,86,17,7.17,,8.6,,1.43,,20,
672,O-CF118E0C07764792918E0C077667922D,13.06.2024 10:57:26,3,8,43.43,0,53.92,1.8,8.69,0,20,10
673,O-67AFD772898A4D7CAFD772898A2D7C70,13.06.2024 14:00:32,1,2,59.06,21.14,95.17,1.05,11.81,2.11,20,10
674,O-F8D1EFE3A7F7491091EFE3A7F7991081,22.05.2024 13:54:06,193,8,7.16,19.23,29.74,,1.43,1.92,20,10
675,O-4015D54D96B44F5195D54D96B44F5132,21.06.2024 12:06:12,1,7,58.89,35.94,110.2,0,11.78,3.59,20,10
676,O-95CC0D61B9C842098C0D61B9C8E209C4,19.06.2024 17:27:00,194,2,14.62,0,17.54,0,2.92,0,20,10
677,O-EF1554AE650B4A429554AE650B3A42CB,21.06.2024 17:20:11,96,3,19.67,34.18,61.2,,3.93,3.42,20,10
678,O-6D980452FC40475C980452FC40475CFC,21.06.2024 18:15:08,5,18,11.21,0,13.45,0,2.24,0,20,10
679,O-5A0D9AF35DA540338D9AF35DA5C03323,21.06.2024 18:34:00,16,12,23.58,0,28.3,0,4.72,0,20,10
680,O-D881AD2D40B3491681AD2D40B3A9165B,21.06.2024 17:59:11,195,1,19.15,0,22.98,,3.83,0,20,10
681,O-732D0ED5717C43B2AD0ED5717C83B2CB,22.06.2024 11:19:10,4,12,62.05,0,74.46,0,12.41,0,20,10
682,O-E1E8730D9E254677A8730D9E2576779E,18.06.2024 18:56:41,196,5,,,320,,,,,
683,O-D429E6F7B70A48EDA9E6F7B70A68ED95,22.06.2024 13:07:57,197,17,2.07,60.64,69.17,0,0.42,6.04,20,10
684,O-BD21EF9134834E84A1EF9134830E848E,22.06.2024 09:55:52,46,16,23.67,0,28.4,0,4.73,0,20,10
685,O-60A84049366941E9A840493669F1E978,22.06.2024 10:00:08,198,15,15.83,,19,,3.17,,20,
686,O-C552CC95C16B4A0E92CC95C16B2A0EA3,22.06.2024 13:21:52,16,15,21.75,0,26.1,0,4.35,0,20,10
687,O-19799B458E344689B99B458E34868961,18.06.2024 15:26:42,199,5,29.15,0,34.98,0,5.83,0,20,10
688,O-6608C903019B49A688C903019BF9A681,19.06.2024 11:43:14,200,14,3,3.64,7.6,0,0.6,0.36,20,10
689,O-765DA8C7D9214DC69DA8C7D9217DC65E,20.06.2024 15:15:34,20,2,2,5.65,8.62,,0.4,0.57,20,10
690,O-2D92909E18294CE392909E1829BCE336,19.06.2024 14:35:40,16,11,7.17,0,8.6,0,1.43,0,20,10
691,O-B109A14BEDB544DF89A14BEDB554DF30,13.06.2024 17:15:43,134,19,,30.35,33.39,,,3.04,,10
692,O-20DA927D06BB4C3A9A927D06BB4C3A72,18.06.2024 15:46:51,3,7,22.07,1.73,28.54,0.15,4.42,0.17,20,10
693,O-29ED49A33BD34BBAAD49A33BD35BBA9D,13.06.2024 17:04:29,48,6,11.67,0,14,0,2.33,0,20,10
694,O-2339D96957BD499AB9D96957BDE99AAF,13.06.2024 17:29:33,201,2,9.33,,11.2,,1.87,,20,
695,O-BC8787743353491E8787743353991E2D,14.06.2024 17:07:34,38,6,70.52,0,84.65,0,14.11,0,20,10
696,O-AE3346300AAF4C45B346300AAF0C45AC,31.05.2024 16:55:48,175,18,10.83,0,13,0,2.17,0,20,10
697,O-4046BF0CBD8B442386BF0CBD8BC423F4,13.06.2024 17:09:11,166,2,10.41,,12.49,,2.08,,20,
698,O-F90915F5E6A7494E8915F5E6A7B94E33,14.06.2024 12:19:28,3,18,58.56,27.84,102.69,1.8,11.71,2.78,20,10
699,O-3A5B82EEA72842279B82EEA7286227C4,17.06.2024 12:01:19,200,15,3,2.91,6.8,0,0.6,0.29,20,10
700,O-232E1654A3E94D2BAE1654A3E9BD2B1A,23.06.2024 14:26:10,202,19,33,71.09,117.8,0,6.6,7.11,20,10
701,O-9A266DAD6BE9475FA66DAD6BE9375FA8,24.06.2024 18:04:53,199,2,93.29,0,111.95,0,18.66,0,20,10
702,O-B23FAEC5E9B44D07BFAEC5E9B4BD07AF,24.06.2024 12:09:06,203,20,6.25,0,7.5,0,1.25,0,20,10
703,O-FC5FAD650B524C559FAD650B52DC55C2,24.06.2024 15:13:39,3,6,25.9,13.89,46.51,0.15,5.18,1.39,20,10
704,O-05ECA6FBD7C74370ACA6FBD7C7237072,24.06.2024 15:14:13,3,1,0,0.5,0.55,0,0,0.05,20,10
705,O-BC8CEB814AE740D08CEB814AE760D0F4,23.06.2024 16:43:11,204,15,10.11,,12.13,,2.02,,20,
706,O-22AFE433A0504F97AFE433A050DF9780,20.06.2024 13:05:11,205,10,0,15.55,17.1,0,0,1.55,20,10
707,V-90588B4572F94F7D988B4572F97F7D5C,28.06.2024 09:39:14,206,19,4.4,,5.28,,0.88,,20,
708,O-9E87F45D460C423E87F45D460C623E7F,29.06.2024 18:43:24,207,17,4.67,44.45,54.5,0,0.93,4.45,20,10
709,O-9BA9409DD4FC4941A9409DD4FC1941E2,30.06.2024 09:17:57,67,5,0,1.95,2.3,0,0,0.2,20,10
710,O-14C3A2AD95ED4B5183A2AD95EDFB51DE,03.07.2024 11:35:01,132,4,,8.91,9.8,,,0.89,,10
711,O-FFA32D77B8E34F43A32D77B8E3BF43BF,03.07.2024 11:34:12,132,10,,11.27,12.4,,,1.13,,10
712,O-25D4DA384C954DBA94DA384C95CDBABD,03.07.2024 11:36:17,132,17,,10.36,11.4,,,1.04,,10
713,O-D14565A5593E47068565A5593EC70622,03.07.2024 12:12:37,209,10,0,8.82,9.7,0,0,0.88,20,10
714,O-D14565A5593E47068565A5593EC70622,03.07.2024 12:12:37,209,17,0,8.82,9.7,0,0,0.88,20,10
715,O-D14565A5593E47068565A5593EC70622,03.07.2024 12:12:37,209,20,0,8.82,9.7,0,0,0.88,20,10
716,O-71EE359329AF499BAE359329AF099B4A,04.07.2024 11:45:38,41,5,25.37,0,31.34,0.9,5.07,0,20,10
717,O-54E012227792400BA012227792200BE0,04.07.2024 11:59:10,4,2,55.56,0,66.67,0,11.11,0,20,10
718,O-00264B140D9846FCA64B140D9876FCAD,06.07.2024 17:51:30,1,6,58.68,19.61,91.99,0,11.74,1.96,20,10
719,O-086749EB27864827A749EB2786282704,08.07.2024 12:16:35,132,2,,6.82,7.5,,,0.68,,10
720,O-547B0CFAB6F54151BB0CFAB6F55151DF,08.07.2024 12:17:45,132,13,,5.73,6.3,,,0.57,,10
721,O-8BB56A40FCC348B5B56A40FCC358B5AE,01.07.2024 08:42:05,129,11,15.13,,18.16,,3.03,,20,
722,O-0922B6C1984642A0A2B6C19846B2A0B1,08.07.2024 16:13:44,210,11,13.86,36.51,56.79,,2.77,3.65,20,10
723,O-3815C0F23906439795C0F23906839739,11.07.2024 12:39:12,41,16,69.02,12.28,97.23,0.9,13.8,1.23,20,10
724,O-664979501BAF45AF8979501BAFC5AFBF,16.07.2024 17:34:36,211,11,43.21,,51.85,,8.64,,20,
725,O-1669950458984F4BA9950458986F4B27,14.07.2024 08:40:58,4,19,33.17,0,39.8,0,6.63,0,20,10
726,O-67235FA06DA54580A35FA06DA5A580F7,17.07.2024 16:50:02,3,15,30.53,10.15,47.8,0,6.11,1.01,20,10
727,O-5C7B2FB9A5864226BB2FB9A586C2266B,18.07.2024 12:23:45,213,16,1.83,,2.2,,0.37,,20,
728,O-15079367E7E04842879367E7E0C84258,14.07.2024 12:22:57,214,11,3.33,,4,,0.67,,20,
729,O-137F3A54B67743E0BF3A54B67793E09A,11.07.2024 16:38:40,122,16,19.64,1.59,25.32,,3.93,0.16,20,10
730,O-A8FF3587E1944DB3BF3587E194CDB3C0,11.07.2024 13:10:43,215,8,8,0,9.6,0,1.6,0,20,10
731,O-68A65A4F3DF44D33A65A4F3DF4FD339D,16.07.2024 16:51:19,216,4,52.96,0,63.55,0,10.59,0,20,10
732,O-E204CF3ACEA24F4A84CF3ACEA20F4AD1,16.07.2024 12:54:54,56,8,18.25,0,21.9,0,3.65,0,20,10
733,O-DD2D96EEE0E84BB1AD96EEE0E86BB18F,10.07.2024 14:13:25,56,4,0.41,7.89,9.17,0,0.08,0.79,20,10
734,O-7898D0B7568A453098D0B7568A853000,19.07.2024 07:22:50,4,3,24.83,0,29.8,0,4.97,0,20,10
735,O-78802D9AE98D4B9A802D9AE98D9B9A46,19.07.2024 07:47:05,3,3,22.6,18.16,47.1,0,4.52,1.82,20,10
736,O-E1F9D7D61A534DD1B9D7D61A530DD14E,18.07.2024 16:22:51,41,18,96.59,37.22,157.6,0.75,19.32,3.72,20,10
737,O-2AA2D465FEA647F9A2D465FEA6E7F9D3,20.07.2024 15:09:31,3,19,8.43,2.36,13.92,1.2,1.69,0.24,20,10
738,O-ABEAED20EB6D4AF4AAED20EB6DDAF44C,19.07.2024 12:01:00,1,19,10.65,9.2,22.9,0,2.13,0.92,20,10
739,O-ADC8FAA2BC4A49C588FAA2BC4AE9C570,07.07.2024 16:49:12,217,5,11.67,,14,,2.33,,20,
740,O-11CE94459A2446618E94459A24366117,03.07.2024 13:50:50,124,18,9.64,0,11.7,0.15,1.93,0,20,10
741,O-14AAC76915884967AAC7691588496722,20.07.2024 09:03:09,218,10,35.37,6.91,50.05,0,7.08,0.69,20,10
742,O-8FB535FD73894BB4B535FD73893BB42D,16.07.2024 18:32:58,41,6,12.37,0,14.84,0,2.47,0,20,10
743,O-E277C9C01C7A4E53B7C9C01C7A1E53FD,12.07.2024 15:35:36,134,1,,,11.6,,,,,
744,O-1425A50C2F7B4243A5A50C2F7B324395,24.06.2024 20:20:54,219,5,33.37,0,40.05,0,6.67,0,20,10
745,O-ACC6401316E94F6686401316E91F66C5,08.06.2024 17:57:21,75,9,41.67,0,50,0,8.33,0,20,10
746,O-8177B419E39A4AAEB7B419E39A8AAE38,14.07.2024 13:03:44,220,12,0,13.82,15.2,0,0,1.38,20,10
747,O-23E254223E6742A6A254223E67D2A603,11.07.2024 17:30:52,3,14,12.36,5.41,22.58,1.8,2.47,0.54,20,10
748,O-E355DACB77034D0895DACB7703AD0883,21.07.2024 19:15:44,219,2,26.03,0,31.24,0,5.21,0,20,10
749,O-E355DACB77034D0895DACB7703AD0883,21.07.2024 19:15:44,219,17,26.03,0,31.24,0,5.21,0,20,10
751,O-E4029D5F5FAA4A79829D5F5FAA5A7988,22.07.2024 18:23:24,2,14,25.52,5.3,37.5,1.05,5.1,0.53,20,10
752,O-3F2C0D4D00584389AC0D4D00585389B9,22.07.2024 17:45:42,119,13,30.83,0,37,0,6.17,0,20,10
753,O-6A7BA0CFECCD442FBBA0CFECCDE42FC2,22.07.2024 17:53:28,221,9,7.5,0,9,,1.5,0,20,10
754,O-96F03FFDD5E2488FB03FFDD5E2288F88,19.07.2024 13:24:47,222,15,32.5,0,39,0,6.5,0,20,10
755,O-11CE94459A2446618E94459A24366117,03.07.2024 13:50:50,124,15,9.64,0,11.7,0.15,1.93,0,20,10
756,O-2E56E4B7DF72449996E4B7DF72549904,24.07.2024 16:37:40,139,11,18.3,0,21.96,0,3.66,0,20,10
757,O-E3FC627FD9BF4DE1BC627FD9BFDDE1B8,24.07.2024 11:33:47,1,16,4.12,2.35,7.83,0.3,0.82,0.24,20,10
758,O-3B97305B78B14F7A97305B78B1EF7A95,24.07.2024 15:02:34,139,17,6.4,12.13,21.02,0,1.28,1.21,20,10
759,O-3117F684F322459B97F684F322659B68,25.07.2024 12:28:20,1,4,15.2,0.81,19.15,0,3.04,0.08,20,10
760,O-6AC8F099C32742D888F099C32732D834,26.07.2024 15:03:53,2,1,0.85,12.12,14.35,0,0.17,1.21,20,10
761,O-B94C426E7BAD43BE8C426E7BAD33BEF8,26.07.2024 14:30:37,139,8,27.83,0,33.4,0,5.57,0,20,10
762,O-187165BE470C4180B165BE470C618087,26.07.2024 13:25:22,139,17,4.32,9.41,15.53,0,0.86,0.94,20,10
763,O-FA88555B0DCC4FCE88555B0DCC5FCE64,10.07.2024 17:43:05,223,3,6.58,162.84,187.02,0,1.32,16.28,20,10
764,O-1B5BC6B326EB47009BC6B326EB270076,10.07.2024 13:31:52,224,20,,68.18,75,,,6.82,,10
765,O-8268B5D9925B4328A8B5D9925B332858,10.07.2024 18:51:48,225,15,4.83,12.91,20,,0.97,1.29,20,10
766,O-6FF63BD0EEEB4F2CB63BD0EEEB4F2CDF,10.07.2024 13:35:10,224,15,6.25,0,7.5,0,1.25,0,20,10
767,O-0107004426CE4D1287004426CE7D120F,27.07.2024 10:27:20,1,14,14.57,4.15,22.06,0,2.92,0.42,20,10
768,O-1C92A16476B646B292A16476B686B270,27.07.2024 17:08:10,4,14,25.27,0,30.32,0,5.05,0,20,10
769,O-316386F301864454A386F3018654541A,27.07.2024 16:50:00,226,2,16.66,0,19.99,,3.33,0,20,10
770,O-C0EB4DB2616B4BBDAB4DB2616BCBBD7F,30.07.2024 18:50:28,1,13,12.94,6.04,22.18,0,2.59,0.61,20,10
771,O-36376D52EF224A12B76D52EF22CA12A0,01.08.2024 09:59:38,2,14,16.15,16.93,38,0,3.23,1.69,20,10
772,O-0B8F9EDBA23A415B8F9EDBA23A815BED,01.08.2024 15:35:50,139,19,102.43,0,122.92,0,20.49,0,20,10
773,O-777AE48EF612405DBAE48EF612205DAA,01.08.2024 09:09:48,227,7,3.25,,3.9,,0.65,,20,
774,O-6C4551CADBB14FFE8551CADBB1FFFE57,07.08.2024 16:17:59,1,3,53.84,21.46,89.11,0.9,10.77,2.14,20,10
775,O-37F21295DF854BB7B21295DF85DBB702,30.07.2024 09:08:58,229,15,0,0,0,0,0,0,20,10
776,O-BBEC964B79F048C2AC964B79F0F8C24E,24.05.2024 19:34:24,230,14,,362.73,399,,,36.27,,10
777,O-8E72994D005542A7B2994D0055C2A779,12.08.2024 20:52:14,46,11,4.92,0,6.2,0.3,0.98,0,20,10
778,O-1C0DCAD34B244D068DCAD34B24BD0644,17.09.2024 11:25:55,3,15,43.78,0,54.64,2.1,8.76,0,20,10
779,O-9F343289E3974CF4B43289E3974CF4A3,15.09.2024 12:11:57,179,13,12.9,0,15.48,0,2.58,0,20,10
780,O-2C1F4B61702B4CE89F4B61702B9CE8EC,14.09.2024 11:02:58,97,18,69,0,82.8,0,13.8,0,20,10
781,O-F1FBD12708224C86BBD1270822DC8680,09.09.2024 14:44:27,5,6,1.9,0,2.28,0,0.38,0,20,10
782,O-2EED8EEC74424805AD8EEC74424805F5,11.09.2024 18:22:00,41,3,17.19,5.42,26.59,0,3.44,0.54,20,10
783,O-33B2886039694A8BB288603969EA8B5F,14.09.2024 22:03:46,231,19,83.33,178.18,296,0,16.67,17.82,20,10
784,O-06B65D56CD044638B65D56CD04B638BB,10.09.2024 08:51:00,41,15,0.66,0,0.94,0.15,0.13,0,20,10
785,O-79D2B4491B3A4D6F92B4491B3A4D6FC2,10.09.2024 08:52:10,41,5,13.02,0,18.32,2.7,2.6,0,20,10
786,O-F7FB9CAE31AE4131BB9CAE31AE1131BB,14.09.2024 13:38:08,16,10,23,0,27.6,0,4.6,0,20,10
787,O-CABF979F183F4262BF979F183FB26202,13.09.2024 08:10:06,41,7,17.76,2.23,23.76,0,3.55,0.22,20,10
788,O-E11F978D10194F759F978D10192F75EA,07.09.2024 11:12:16,1,17,27.48,5.12,38.61,0,5.5,0.51,20,10
789,O-8D831CF05E384EBA831CF05E387EBACC,16.09.2024 11:38:41,187,7,0,7.77,8.55,0,0,0.78,20,10
790,O-6082F63AB762417482F63AB762817428,10.09.2024 12:43:17,16,12,7.58,0,9.1,0,1.52,0,20,10
791,O-EF8551ADC82C41DA8551ADC82CD1DA68,14.09.2024 11:27:07,46,17,25.42,0,30.5,0,5.08,0,20,10
792,O-719EFA470A5B4C909EFA470A5BFC902B,08.09.2024 18:55:55,41,13,0,2.27,2.5,0,0,0.23,20,10
793,O-F2E823382D394503A823382D39050368,11.09.2024 15:24:14,5,20,6.82,0,8.18,0,1.36,0,20,10
794,O-A290BE584E57440590BE584E5744056F,17.09.2024 14:11:22,22,4,13.61,5.53,22.41,0,2.72,0.55,20,10
795,O-F9513C9E948D48FA913C9E948D68FA47,05.09.2024 15:14:19,58,10,,5.96,6.56,,,0.6,,10
796,O-E434FE4BA17741BBB4FE4BA17791BB0C,07.09.2024 17:32:47,5,3,39.84,0,47.81,0,7.97,0,20,10
797,O-D50A9C33A1874AB98A9C33A1876AB940,07.09.2024 17:38:05,16,9,2.67,0,3.2,0,0.53,0,20,10
798,O-8921345953FC48FAA1345953FCB8FA37,08.09.2024 09:45:10,39,13,55.51,0,66.61,,11.1,0,20,10
799,O-CC7E9F8A179245F5BE9F8A179285F506,10.09.2024 12:25:55,187,18,0.5,7.63,8.99,0,0.1,0.76,20,10
800,O-80740292B90E4D10B40292B90EED1060,04.09.2024 17:19:10,16,15,25.5,0,30.6,0,5.1,0,20,10
801,O-325537417A1D467F9537417A1DB67F47,04.09.2024 18:11:28,75,4,13.33,0,16,0,2.67,0,20,10
802,O-4576630C17724C8AB6630C1772DC8AC2,11.09.2024 12:26:43,232,15,,17.36,19.1,,,1.74,,10
803,O-32466784BDE44C97866784BDE49C976C,11.09.2024 18:27:24,85,2,,5.45,6,,,0.55,,10
804,O-E5F8F6AE2A0A408CB8F6AE2A0A408C66,20.08.2024 11:59:57,154,15,0,5.37,5.91,0,0,0.54,20,10
805,O-3DE89A943DE64144A89A943DE6C1447F,04.09.2024 17:24:46,233,8,5.13,0,6.16,0,1.03,0,20,10
806,O-A83DFF20C82D4AF4BDFF20C82D6AF425,04.09.2024 17:05:43,1,8,18.94,2.77,25.78,0,3.79,0.28,20,10
807,O-D62962DF11004374A962DF1100B374A6,04.09.2024 17:35:17,5,17,25.82,0,30.98,0,5.16,0,20,10
808,O-F3BB38588FCA48F1BB38588FCA98F153,19.08.2024 12:17:29,187,12,0,7.61,8.37,0,0,0.76,20,10
809,O-8D59B42D4E69422999B42D4E69E2296B,02.09.2024 09:23:23,3,19,47.99,14.22,66.78,-6.45,9.6,1.42,20,10
810,O-5C54A4D17CCD456C94A4D17CCDE56C3B,31.08.2024 13:47:24,3,10,4.15,0,4.98,0,0.83,0,20,10
811,O-C88344BF3390439B8344BF3390339B1E,18.08.2024 10:33:12,41,9,9.91,6.97,19.56,0,1.98,0.7,20,10
812,O-76E66C3B149549C1A66C3B1495B9C196,31.08.2024 14:14:46,45,5,16.06,0,19.27,0,3.21,0,20,10
813,O-020A41D2D3F1493B8A41D2D3F1193B61,06.09.2024 18:44:10,84,6,4.83,38.73,48.4,0,0.97,3.87,20,10
814,O-4FB7B9C2A43844C0B7B9C2A43814C057,31.08.2024 14:04:47,234,20,25.42,0,30.5,0,5.08,0,20,10
815,O-0116F8CA22CB410F96F8CA22CBB10F32,04.09.2024 18:28:15,24,2,24.99,,29.99,,5,,20,
816,O-340D0A4BB8F3493A8D0A4BB8F3993ACE,31.08.2024 19:55:44,83,13,61.58,202,296.1,,12.32,20.2,20,10
817,O-9633AD8B5AD742B2B3AD8B5AD752B2A9,19.08.2024 14:55:37,18,6,33.36,0,40.03,0,6.67,0,20,10
818,O-0DFEA231C0134AEBBEA231C013BAEB34,28.08.2024 09:25:17,151,5,18.62,8.04,31.19,0,3.73,0.8,20,10
819,O-D79FEEC561C14C7D9FEEC561C12C7DC2,01.09.2024 08:31:16,3,1,10.32,0,14.48,2.1,2.06,0,20,10
820,O-A6DC143674444E219C143674448E21E7,22.08.2024 11:49:41,41,6,1.54,1.08,3.04,0,0.31,0.11,20,10
821,O-FED2BD72634F4D4792BD72634FAD4735,01.09.2024 13:03:04,235,6,,5,5.5,,,0.5,,10
822,O-C2B8CF75403646DBB8CF754036E6DB09,01.09.2024 12:42:49,235,16,,32.45,35.7,,,3.25,,10
823,O-3D3E9A86E73E41F5BE9A86E73E21F504,31.08.2024 14:33:11,236,4,,,13.4,13.4,,,,
824,O-80C9138F4E384A5A89138F4E382A5A85,11.09.2024 12:30:58,237,11,,5.18,5.7,,,0.52,,10
825,O-B62462DEFAA8499DA462DEFAA8B99D64,08.09.2024 14:11:13,84,9,9.67,58.09,75.5,0,1.93,5.81,20,10
826,O-32F3007B1E1848C4B3007B1E18E8C4E3,13.07.2024 10:04:03,151,3,10.95,0.81,14.03,0,2.19,0.08,20,10
827,O-1EECC5E1B4CF4D7AACC5E1B4CF4D7A9F,12.08.2024 12:19:25,232,19,,23.73,26.1,,,2.37,,10
828,O-F6B54F07D1D94D83B54F07D1D94D835B,14.08.2024 19:05:46,3,8,21.87,3.12,31.47,1.8,4.37,0.31,20,10
829,O-25F16E7B164B4E3BB16E7B164B3E3BF5,01.07.2024 11:35:22,238,5,0,9.09,10,0,0,0.91,20,10
830,O-D732C0C2C8A94066B2C0C2C8A9C06603,18.08.2024 17:04:58,6,4,10.82,0,12.99,0,2.17,0,20,10
831,O-39A66507E473460CA66507E473E60C95,30.08.2024 12:25:36,3,6,36.62,7.94,52.68,0,7.33,0.79,20,10
832,O-AB8CC509B7204C8A8CC509B7203C8A3E,31.07.2024 22:41:21,98,2,20.5,9.91,35.5,0,4.1,0.99,20,10
833,O-E3671C79411F41A1A71C79411FA1A1F6,22.07.2024 13:59:01,200,20,3,2.91,6.8,0,0.6,0.29,20,10
834,O-11A8B4058AF34D25A8B4058AF33D2548,26.07.2024 17:00:17,18,11,41.77,0,50.13,0,8.36,0,20,10
835,O-7052709DBDFE497F92709DBDFEE97F0D,12.08.2024 14:25:56,234,4,4.17,0,5,0,0.83,0,20,10
836,V-14D1CF0D85F54B7E91CF0D85F54B7EA5,20.07.2024 14:04:16,239,15,,,39.7,39.7,,,,
837,O-EF33BB20C8314B3AB3BB20C831EB3AB5,19.07.2024 14:59:40,240,6,7.5,,9,,1.5,,20,
838,O-0601BC811E37414681BC811E37014684,13.08.2024 19:11:34,241,17,31.75,0,38.25,0.15,6.35,0,20,10
839,O-9E015E757EB44DB2815E757EB42DB2D9,29.06.2024 13:37:12,242,6,28.75,69,110.4,0,5.75,6.9,20,10
840,O-E589B107EC09424689B107EC09224677,27.06.2024 11:44:52,187,19,0,7.1,7.81,0,0,0.71,20,10
841,O-2FBC6D2284D64171BC6D2284D64171B2,13.08.2024 19:22:29,241,2,0,3.18,3.5,0,0,0.32,20,10
842,O-280C3C5F282E4ED48C3C5F282EDED447,13.08.2024 15:35:42,52,15,20,,24,,4,,20,
843,O-B5DEB2DDC97A431B9EB2DDC97A831BCF,06.07.2024 08:24:12,243,11,4.62,,5.7,0.15,0.93,,20,
844,O-8312AF6B9FB04F6592AF6B9FB0CF6520,30.07.2024 15:06:15,26,8,,9.35,10.28,,,0.93,,10
845,O-BE058C49564E41D6858C49564EB1D680,30.07.2024 15:25:10,16,19,31.37,0,37.65,0,6.28,0,20,10
846,O-06619A86E33F414BA19A86E33F914B06,16.07.2024 16:04:38,153,13,1.37,,1.65,,0.28,,20,
847,O-7F56EF3D63EE4CB096EF3D63EE5CB075,27.06.2024 12:02:19,16,12,20.83,0,25,0,4.17,0,20,10
848,O-C681C67731BE4A2981C67731BE1A295F,27.07.2024 11:34:00,3,5,20.95,1.35,28.58,1.95,4.19,0.14,20,10
849,O-B88BA499F3D547868BA499F3D5B7861A,11.08.2024 13:00:12,204,6,24.6,,29.52,,4.92,,20,
850,O-94B5B96CAF28498DB5B96CAF28598D9D,06.07.2024 18:55:53,244,4,,34.55,38,,,3.45,,10
851,O-5EA2469F0B9847D2A2469F0B98C7D282,27.07.2024 16:20:52,20,19,0,6.82,7.5,0,0,0.68,20,10
852,O-FF78FC5591584346B8FC559158B34671,23.07.2024 17:13:37,151,20,6.54,1.64,9.65,0,1.31,0.16,20,10
