quantity,product_id,fs_receipt_id
1.0,1,1
6.0,2,1
1.0,3,1
1.0,4,1
1.0,5,1
1.0,6,1
1.0,8,1
1.0,9,1
1.0,10,1
3.0,11,1
3.0,11,1
1.0,13,1
1.0,15,1
4.0,17,1
1.0,18,1
1.0,20,1
1.0,21,1
1.0,22,1
1.0,24,1
1.0,26,1
1.0,27,1
1.102,28,1
1.0,29,1
1.0,31,1
1.0,33,1
1.0,34,1
20.0,35,1
0.252,36,1
1.0,37,2
1.0,39,2
2.0,41,2
1.0,43,2
2.0,45,2
1.0,47,2
1.0,48,2
1.0,50,2
1.0,51,2
1.0,53,2
1.0,55,2
5.0,57,2
2.0,58,2
1.0,60,2
1.0,61,2
0.967,63,2
1.0,64,2
1.0,66,2
2.0,68,2
2.0,69,2
3.0,70,2
1.0,71,2
1.0,72,2
1.0,73,2
1.0,74,2
1.104,75,2
1.0,77,2
1.0,78,2
0.164,79,2
0.165,80,2
1.0,82,2
1.0,83,2
2.0,84,2
2.0,85,2
1.0,86,2
1.0,87,2
1.0,88,2
2.0,89,2
1.0,90,2
1.0,91,2
1.0,92,2
2.0,93,2
5.0,94,2
1.0,96,2
1.0,97,2
1.0,98,2
1.0,99,2
1.0,100,2
1.0,101,2
1.0,102,2
1.0,103,3
5.0,2,3
2.039,104,3
6.0,17,3
1.0,106,3
1.0,108,3
1.0,110,3
1.0,112,3
1.0,21,3
1.0,114,3
1.0,115,3
1.0,116,3
2.0,118,3
1.0,26,3
1.0,119,3
1.0,120,3
30.0,122,3
2.0,123,3
4.0,124,3
1.0,125,3
1.0,126,3
0.248,127,3
1.0,128,4
2.0,129,4
1.0,130,4
2.0,131,4
1.0,133,4
1.0,135,4
1.0,136,4
1.0,138,4
30.0,122,4
1.0,139,4
0.176,140,4
1.0,141,4
1.0,142,4
4.0,124,4
5.0,2,4
1.0,143,4
1.0,144,4
1.0,34,4
1.0,118,4
1.0,145,4
0.53,146,4
3.0,147,5
2.0,149,5
2.0,151,5
6.0,153,5
1.0,154,5
1.0,155,5
1.0,156,5
2.0,157,5
1.0,158,5
1.0,159,5
1.0,160,5
2.0,161,5
1.0,162,5
1.0,163,5
1.0,164,5
1.0,165,5
2.0,166,5
1.0,167,5
2.0,168,5
1.0,169,5
1.0,170,5
2.0,171,5
2.0,172,5
1.0,173,5
2.0,174,5
1.0,175,5
1.0,176,5
1.0,177,5
1.0,178,5
1.0,179,5
1.0,180,5
1.0,181,5
1.092,182,5
1.039,183,5
1.084,184,5
1.0,185,5
1.0,186,5
1.0,187,5
1.0,188,5
1.0,189,5
2.0,190,5
1.0,191,5
1.0,192,5
1.0,193,5
1.0,194,5
1.0,195,5
1.0,196,5
0.838,197,5
1.0,198,5
1.0,199,5
0.912,200,5
0.566,201,5
1.0,202,5
1.466,203,5
1.0,204,5
1.0,205,5
2.0,206,5
1.0,207,5
1.0,208,5
3.0,209,5
2.0,210,5
1.0,211,5
4.0,212,5
1.0,213,5
1.0,214,5
1.0,215,5
1.0,216,5
1.0,217,5
1.0,218,5
1.0,219,5
1.0,220,5
1.0,221,5
34.52,222,6
2.0,223,7
4.0,225,7
3.0,227,7
0.738,228,7
1.0,229,7
1.0,230,7
2.0,231,7
1.0,232,7
1.0,233,7
1.0,234,7
1.0,235,7
2.0,236,7
1.0,237,7
0.77,238,7
1.0,239,7
0.838,240,7
1.0,241,7
1.0,242,7
1.0,243,7
1.0,244,7
1.0,245,7
2.0,246,7
1.0,247,7
1.0,248,7
1.0,249,7
1.222,250,7
1.0,251,7
1.0,252,7
4.0,253,7
1.0,254,7
2.0,255,7
2.0,256,7
1.0,257,7
3.0,258,8
1.0,259,8
1.0,260,8
1.062,261,8
1.268,262,8
1.0,263,8
0.172,264,8
2.0,265,8
5.0,267,8
2.0,268,8
2.0,270,8
1.0,271,8
2.0,273,8
5.0,274,8
1.0,275,8
5.0,276,8
1.0,277,8
1.0,278,8
1.0,280,8
3.0,281,8
1.0,282,8
1.0,283,8
2.0,284,8
1.0,285,8
1.0,286,8
2.0,287,8
2.0,288,8
1.0,289,8
2.0,290,8
2.0,291,8
1.0,292,8
1.0,293,8
1.0,294,8
1.0,295,8
2.0,296,8
2.0,297,8
1.0,298,8
1.0,299,8
1.0,301,8
1.0,302,8
1.0,103,9
5.0,2,9
2.039,104,9
6.0,17,9
1.0,106,9
1.0,108,9
1.0,110,9
1.0,112,9
1.0,21,9
1.0,114,9
1.0,115,9
1.0,116,9
2.0,118,9
1.0,26,9
1.0,119,9
1.0,120,9
30.0,122,9
2.0,123,9
4.0,124,9
1.0,125,9
1.0,126,9
0.248,127,9
1.0,103,10
5.0,2,10
2.039,104,10
6.0,17,10
1.0,106,10
1.0,108,10
1.0,110,10
1.0,112,10
1.0,21,10
1.0,114,10
1.0,115,10
1.0,116,10
2.0,118,10
1.0,26,10
1.0,119,10
1.0,120,10
30.0,122,10
2.0,123,10
4.0,124,10
1.0,125,10
1.0,126,10
0.248,127,10
1.0,103,13
5.0,2,13
2.039,104,13
6.0,17,13
1.0,106,13
1.0,108,13
1.0,110,13
1.0,112,13
1.0,21,13
1.0,114,13
1.0,115,13
1.0,116,13
2.0,118,13
1.0,26,13
1.0,119,13
1.0,120,13
30.0,122,13
2.0,123,13
4.0,124,13
1.0,125,13
1.0,126,13
0.248,127,13
1.0,103,14
5.0,2,14
2.039,104,14
6.0,17,14
1.0,106,14
1.0,108,14
1.0,110,14
1.0,112,14
1.0,21,14
1.0,114,14
1.0,115,14
1.0,116,14
2.0,118,14
1.0,26,14
1.0,119,14
1.0,120,14
30.0,122,14
2.0,123,14
4.0,124,14
1.0,125,14
1.0,126,14
0.248,127,14
1.0,103,16
5.0,2,16
2.039,104,16
6.0,17,16
1.0,106,16
1.0,108,16
1.0,110,16
1.0,112,16
1.0,21,16
1.0,114,16
1.0,115,16
1.0,116,16
2.0,118,16
1.0,26,16
1.0,119,16
1.0,120,16
30.0,122,16
2.0,123,16
4.0,124,16
1.0,125,16
1.0,126,16
0.248,127,16
1.0,103,17
5.0,2,17
2.039,104,17
6.0,17,17
1.0,106,17
1.0,108,17
1.0,110,17
1.0,112,17
1.0,21,17
1.0,114,17
1.0,115,17
1.0,116,17
2.0,118,17
1.0,26,17
1.0,119,17
1.0,120,17
30.0,122,17
2.0,123,17
4.0,124,17
1.0,125,17
1.0,126,17
0.248,127,17
1.0,103,18
5.0,2,18
2.039,104,18
6.0,17,18
1.0,106,18
1.0,108,18
1.0,110,18
1.0,112,18
1.0,21,18
1.0,114,18
1.0,115,18
1.0,116,18
2.0,118,18
1.0,26,18
1.0,119,18
1.0,120,18
30.0,122,18
2.0,123,18
4.0,124,18
1.0,125,18
1.0,126,18
0.248,127,18
1.0,303,24
1.0,304,24
1.0,305,25
10.0,306,25
1.0,307,25
1.0,308,25
1.0,37,25
1.0,310,25
1.0,311,25
1.0,312,25
1.0,313,25
1.0,314,25
2.0,315,25
2.0,316,25
4.0,57,25
1.0,317,25
1.0,318,25
1.0,319,25
1.0,320,25
1.0,321,25
1.0,322,25
1.0,323,25
0.87,324,25
0.384,325,25
1.0,68,25
2.0,70,25
2.0,326,25
1.296,327,25
1.0,74,25
1.0,328,25
1.0,329,25
1.0,330,25
0.844,331,25
0.901,332,25
0.162,333,25
0.158,334,25
1.0,335,25
2.0,337,25
2.0,338,25
1.0,339,25
1.0,83,25
2.0,340,25
1.0,341,25
1.0,342,25
1.0,343,25
1.0,345,25
1.0,346,25
5.0,94,25
1.0,347,25
1.0,348,25
1.0,349,25
1.0,350,25
2.0,351,25
2.0,352,25
1.0,353,25
1.0,354,25
1.0,102,25
1.0,355,25
1.0,356,26
10.0,357,27
10.0,357,28
10.0,357,30
1.0,358,31
1.0,360,31
1.0,361,31
3.0,362,31
1.0,363,31
1.0,364,31
1.0,365,31
1.0,366,31
1.0,367,31
1.72,368,31
1.0,369,31
4.0,370,31
0.732,371,31
1.0,372,31
1.0,373,31
5.0,374,32
2.0,376,32
4.0,377,32
1.0,378,32
0.8,379,32
1.0,380,32
1.0,381,32
2.0,382,32
0.9,383,32
1.0,384,32
1.0,385,32
0.232,386,32
0.356,387,32
1.0,388,32
1.0,389,32
5.0,390,32
1.0,391,32
1.0,392,32
1.0,393,32
1.0,394,32
1.0,395,32
1.0,396,32
2.0,397,32
1.02,398,32
1.0,450,34
0.7,451,34
1.0,452,34
1.0,453,34
8.0,454,34
1.0,455,34
1.0,456,35
1.0,457,35
1.0,458,35
1.0,459,36
2.0,460,37
1.0,461,37
1.0,462,37
1.0,463,38
1.0,464,38
1.0,465,38
1.0,466,38
1.0,467,38
1.0,468,38
1.0,469,38
1.0,470,38
1.0,471,38
1.0,472,39
1.0,473,40
1.0,474,40
1.0,475,40
1.0,476,41
1.0,399,45
1.0,69,45
1.0,400,45
1.0,401,45
1.0,402,45
1.0,404,45
1.0,405,45
1.0,407,45
1.0,408,45
1.0,409,45
1.0,410,45
1.0,411,45
1.0,412,45
1.0,413,45
1.0,414,45
1.506,415,45
1.0,416,45
1.0,418,45
1.0,419,45
2.0,420,45
1.0,422,45
1.0,423,45
1.0,424,45
1.0,425,45
1.0,426,45
1.0,427,45
1.0,428,45
4.0,429,45
1.0,430,45
1.0,431,45
0.152,432,45
1.0,433,45
1.0,434,45
1.0,435,45
2.0,436,45
1.0,437,45
1.0,438,45
1.0,439,45
1.0,440,45
10.0,441,45
2.0,442,45
0.994,444,45
1.0,445,45
1.0,97,45
1.0,446,45
1.294,447,45
4.0,448,45
1.0,399,46
1.0,69,46
1.0,400,46
1.0,401,46
1.0,402,46
1.0,404,46
1.0,405,46
1.0,407,46
1.0,408,46
1.0,409,46
1.0,410,46
1.0,411,46
1.0,412,46
1.0,413,46
1.0,414,46
1.506,415,46
1.0,416,46
1.0,418,46
1.0,419,46
2.0,420,46
1.0,422,46
1.0,423,46
1.0,424,46
1.0,425,46
1.0,426,46
1.0,427,46
1.0,428,46
4.0,429,46
1.0,430,46
1.0,431,46
0.152,432,46
1.0,433,46
1.0,434,46
1.0,435,46
2.0,436,46
1.0,437,46
1.0,438,46
1.0,439,46
1.0,440,46
10.0,441,46
2.0,442,46
0.994,444,46
1.0,445,46
1.0,97,46
1.0,446,46
1.294,447,46
4.0,448,46
1.0,477,47
1.0,478,48
3.0,479,48
3.0,480,48
3.0,480,48
2.0,481,48
1.0,482,48
2.0,483,48
1.0,484,48
1.0,485,48
1.0,486,48
1.0,487,48
1.0,488,49
2.0,490,49
1.0,492,49
1.29,493,49
4.0,495,49
1.0,497,49
1.0,384,49
2.0,378,49
6.0,501,49
2.0,503,49
1.0,504,49
1.0,506,49
1.406,508,49
1.0,510,49
0.634,512,49
1.4,514,49
1.0,516,49
5.0,374,49
1.0,518,49
5.0,390,49
0.192,520,49
0.164,522,49
1.0,523,50
1.0,524,50
2.0,525,50
2.0,526,50
1.0,527,50
1.0,528,50
1.0,529,50
1.0,530,50
39.82,532,51
3.0,533,52
2.0,534,52
1.0,535,52
1.0,536,52
2.0,537,52
0.202,538,52
1.0,539,52
1.0,540,52
1.0,541,52
1.0,542,52
3.0,543,52
3.0,544,52
2.0,545,52
1.0,546,52
1.0,547,52
3.0,548,52
1.0,549,52
3.0,550,52
4.0,551,52
1.0,552,52
2.0,553,52
2.0,554,52
1.0,555,52
1.0,556,52
1.0,557,52
1.0,558,52
1.0,559,52
0.81,560,52
0.718,561,52
1.0,562,53
1.0,563,53
2.0,378,54
0.31,564,54
1.0,565,54
1.0,566,54
2.0,377,54
1.0,567,54
1.0,503,54
2.0,568,54
1.0,569,54
1.0,570,54
2.0,571,54
2.0,572,54
1.0,573,54
1.0,574,54
2.0,575,54
1.0,576,54
1.0,577,54
1.0,578,54
0.742,579,54
1.0,580,54
2.0,581,54
1.0,582,54
1.0,583,54
1.0,584,54
3.0,585,54
0.92,586,54
8.0,587,54
2.0,588,55
3.0,590,55
2.0,591,55
1.0,592,55
4.0,593,55
1.0,594,55
0.681,595,55
1.0,596,55
1.0,597,55
2.0,598,55
1.0,599,55
1.0,600,55
4.0,601,55
2.0,602,55
1.0,603,55
1.0,604,55
1.0,605,55
1.0,606,55
2.0,607,55
4.0,608,55
10.0,609,55
5.0,610,55
5.0,370,55
1.0,611,56
1.0,612,57
1.0,613,57
1.0,614,57
1.0,615,57
1.0,616,57
1.0,617,58
1.0,618,58
2.0,619,58
1.0,620,59
1.0,621,59
1.0,622,59
1.0,623,59
1.0,624,60
1.0,625,60
0.252,626,61
1.0,627,61
1.0,628,62
2.0,630,62
1.0,605,62
1.0,632,62
1.0,604,62
1.0,633,62
1.0,373,62
1.0,634,62
2.0,635,62
1.0,636,62
1.0,637,62
1.0,638,62
2.0,639,62
2.0,640,62
1.0,641,62
0.926,642,62
1.0,643,62
1.0,607,62
8.0,644,62
1.0,645,62
1.0,646,62
1.0,647,62
1.0,648,62
1.0,649,63
1.0,650,63
1.0,651,63
2.0,652,64
1.0,625,65
1.0,653,65
1.0,654,65
1.0,655,65
1.0,656,65
1.0,657,65
1.0,658,65
1.0,659,65
1.0,660,66
1.0,661,66
1.0,662,66
1.0,663,66
1.0,664,66
1.0,665,68
1.0,666,69
1.0,667,69
4.0,668,70
4.0,669,70
1.0,670,70
1.0,671,70
1.0,672,70
3.0,673,70
2.0,674,70
1.0,675,70
3.0,676,70
1.0,677,70
1.0,678,70
1.0,679,70
1.0,680,70
1.0,681,70
1.0,682,71
1.0,683,71
1.0,685,72
1.0,686,72
1.0,687,73
1.0,688,73
1.0,689,73
1.0,690,73
1.0,691,73
3.0,692,73
1.0,693,73
4.0,694,74
2.0,640,74
1.0,697,74
2.0,698,74
2.0,602,74
1.0,699,74
2.0,700,74
1.0,701,74
1.0,702,74
0.784,703,74
0.64,704,74
6.42,705,75
7.47,706,75
1.0,707,75
0.318,708,75
1.0,709,75
1.0,710,75
1.0,711,75
2.0,712,75
1.0,713,75
1.0,714,75
2.0,715,76
1.0,716,76
1.0,717,76
1.0,718,76
1.0,719,76
1.0,720,76
1.0,721,76
1.0,722,76
1.0,723,77
1.0,724,77
1.47,725,77
1.0,726,77
1.0,638,77
1.0,727,77
3.0,640,77
1.0,728,77
0.796,729,77
1.0,730,77
1.0,373,77
1.0,731,77
1.346,732,77
8.0,733,77
1.0,734,77
1.0,735,78
1.0,736,78
1.0,737,78
1.0,738,78
1.0,739,78
1.0,740,78
1.0,741,79
41.04,742,79
2.0,743,79
1.0,744,80
1.0,745,81
2.0,747,81
1.0,749,81
1.0,750,81
1.0,751,81
1.0,752,81
1.0,378,81
0.906,753,81
1.0,754,81
1.132,755,81
1.0,756,81
0.272,757,81
1.0,758,81
2.0,759,81
1.0,760,81
1.0,761,81
1.0,762,81
1.052,763,81
1.0,764,81
2.0,381,81
2.0,765,81
1.0,766,81
1.0,767,81
1.0,768,81
1.23,769,81
1.0,503,81
1.0,770,81
14.0,771,81
1.0,772,82
2.0,773,83
1.0,774,84
3.0,775,84
0.768,776,85
1.0,778,85
1.0,779,85
1.0,780,85
1.0,635,85
1.0,781,85
1.0,363,85
1.0,782,85
2.0,783,85
2.0,640,85
1.0,784,85
1.0,785,85
1.0,638,85
1.0,636,85
1.0,786,85
1.0,787,85
0.868,788,85
2.0,789,85
1.0,648,85
1.0,790,85
1.0,791,85
2.0,792,85
0.09,793,86
1.0,794,86
8.0,795,86
3.0,796,87
2.0,797,87
4.0,798,87
1.0,799,87
3.0,800,87
1.0,801,87
1.0,802,87
3.04,803,88
2.0,804,89
2.0,805,89
1.0,687,90
1.0,806,90
1.0,689,90
1.0,690,90
1.0,691,90
3.0,692,90
1.0,693,90
1.0,807,91
1.0,808,91
1.0,809,91
1.0,810,92
2.0,811,92
1.0,812,92
1.0,813,92
1.0,814,92
1.0,815,93
1.0,816,94
1.0,817,94
1.0,818,94
2.0,820,94
0.902,821,94
1.118,822,94
6.0,823,94
4.0,824,94
0.858,825,94
2.0,826,94
1.0,827,94
1.0,828,94
1.0,829,94
2.0,830,94
1.0,831,94
1.0,832,94
1.0,833,94
1.0,834,94
1.0,835,95
1.0,836,96
1.0,837,96
1.0,838,97
1.0,839,97
1.0,840,98
1.0,841,98
1.0,842,98
1.0,843,98
1.0,844,99
1.0,845,99
1.0,846,99
1.0,847,99
1.0,848,100
4.0,849,100
1.0,850,100
2.0,851,100
2.0,852,100
3.0,853,100
2.0,854,100
2.0,855,100
2.0,856,100
3.0,857,100
1.0,858,101
1.0,859,101
1.0,860,102
1.0,862,102
1.0,863,102
1.0,864,102
1.0,865,102
1.0,866,102
0.758,867,102
1.0,868,102
1.0,869,102
2.0,870,102
1.106,871,102
1.0,638,102
1.0,363,102
1.0,600,102
1.0,872,102
1.0,873,102
2.0,593,102
1.0,874,102
1.0,875,102
2.0,876,102
2.0,648,102
1.0,877,102
1.0,878,102
1.0,373,102
1.0,879,102
1.0,880,102
0.954,881,102
2.0,882,103
1.0,883,103
1.0,884,104
1.0,885,104
1.0,886,104
1.0,887,104
2.0,888,104
3.0,889,104
1.0,890,104
1.0,891,104
1.0,892,104
1.0,893,104
2.0,894,104
2.0,895,104
3.0,896,104
2.0,897,104
1.0,898,104
1.0,899,104
2.0,900,104
1.0,901,105
1.0,902,105
1.0,903,105
8.0,904,106
1.0,905,107
1.0,906,107
2.0,907,107
1.0,908,107
1.0,909,107
2.0,910,107
1.0,911,107
0.66,912,107
3.0,913,107
2.0,914,107
1.0,915,108
1.0,916,108
1.0,917,109
1.0,918,110
3.0,373,110
0.673,919,110
1.0,920,110
1.0,594,110
1.0,874,110
1.0,635,110
3.0,640,110
0.29,921,110
6.0,922,110
5.0,370,110
5.0,923,110
3.0,372,111
4.0,924,111
1.0,925,111
1.0,926,111
1.0,927,111
1.0,928,111
4.0,929,111
0.566,930,111
1.0,600,111
1.0,640,111
2.0,931,111
1.0,635,111
1.0,637,111
1.0,932,111
1.0,634,111
1.0,933,111
1.0,934,111
3.0,935,111
3.0,936,111
0.632,937,112
1.0,938,112
1.082,939,112
1.0,634,112
1.0,940,112
2.0,635,112
1.0,941,112
4.0,373,112
2.0,942,112
2.0,924,112
1.0,943,112
3.0,935,112
2.0,944,112
2.0,372,112
1.0,945,112
1.0,946,113
1.0,947,113
1.0,948,113
2.0,949,113
1.0,950,113
2.0,951,113
2.0,952,113
3.0,953,113
5.0,954,113
3.0,955,113
1.0,956,113
1.0,957,113
1.0,958,113
1.0,959,113
1.0,960,113
2.0,961,114
3.0,962,114
2.0,616,115
1.0,614,115
1.0,615,115
1.0,963,115
1.0,964,115
1.0,965,115
2.0,966,116
1.0,967,117
1.0,968,117
1.0,969,117
1.0,970,117
2.0,971,117
1.0,972,118
1.0,973,118
1.0,974,118
1.0,975,118
1.0,976,119
1.0,977,119
1.0,978,119
1.0,979,120
1.0,980,120
1.0,981,120
1.0,982,120
1.0,983,120
2.0,984,120
0.744,985,121
6.0,987,121
6.0,988,121
2.0,600,121
1.0,373,121
1.0,989,121
1.0,634,121
3.0,590,121
1.0,605,121
1.0,603,121
1.0,990,121
1.0,789,121
1.0,991,121
0.7,992,121
1.0,993,122
1.0,994,122
1.0,995,122
1.0,996,122
1.0,997,122
1.0,998,123
1.0,999,123
1.0,1000,123
10.0,1001,124
1.0,1003,124
1.0,1004,124
2.0,1005,124
1.0,931,124
1.0,600,124
1.0,1006,124
1.0,1007,124
1.0,1008,124
1.0,1009,124
1.0,1010,124
0.748,1011,124
1.0,1012,124
1.0,938,124
1.0,1013,124
1.0,369,124
0.702,1014,124
1.0,1015,124
0.596,1016,124
1.0,1017,124
1.0,373,124
2.0,945,124
2.0,935,124
2.0,1018,124
1.0,847,125
1.0,844,125
2.0,1019,125
1.0,1020,125
1.0,1021,125
2.0,1022,125
1.0,1023,126
1.0,1024,126
2.0,1025,126
1.0,1026,126
1.0,1027,126
3.0,1028,127
1.0,1029,128
1.0,1030,128
1.0,1031,128
1.0,1032,128
1.0,1033,129
1.0,1034,129
1.0,815,129
8.0,904,130
1.0,1035,131
1.0,1036,131
1.0,1037,131
1.0,1038,131
1.0,1039,131
1.0,1040,131
1.0,1041,132
2.0,783,132
0.588,1042,132
0.579,1043,132
1.0,1044,132
1.0,1045,132
2.0,870,132
0.63,1046,132
1.812,1047,132
1.494,1048,132
0.336,1049,132
0.796,1050,132
1.0,1051,132
8.0,1052,132
1.0,1053,132
1.0,1054,132
1.212,1055,132
1.0,1056,133
2.0,1058,133
3.0,1060,133
1.0,1062,133
2.0,1064,133
1.0,724,133
2.0,931,133
1.0,1066,133
2.0,1068,133
2.0,1069,133
1.0,1071,133
1.0,640,133
1.0,600,133
1.0,1072,133
2.0,1073,133
1.0,1074,133
1.0,918,133
1.0,1076,133
1.0,601,133
2.0,1077,133
8.0,370,133
1.0,1078,133
1.092,1080,133
0.538,1081,133
1.0,602,133
1.0,1083,133
1.0,989,133
1.0,604,133
1.0,990,133
1.0,596,133
2.0,1085,133
1.0,1086,133
1.0,567,134
1.0,1088,134
1.0,1089,134
2.0,1090,134
2.0,1091,134
1.0,768,134
1.0,572,134
1.0,1092,134
1.0,1093,134
1.0,712,134
1.0,1094,134
1.0,504,134
1.0,713,134
1.0,1095,134
0.558,1096,134
0.5,1097,134
0.566,1098,134
1.0,1099,134
1.0,1100,134
2.0,378,134
1.0,510,134
1.0,1101,134
1.0,1102,134
1.0,1103,134
1.0,1104,134
0.888,1105,134
0.854,1106,134
2.0,1107,134
1.0,1108,134
1.0,1109,134
1.0,1110,134
1.0,1111,135
3.0,1112,135
1.0,1113,135
1.0,1114,135
1.0,1115,135
1.0,1116,135
1.0,1117,135
1.0,1118,135
1.0,1119,135
1.0,1120,135
1.0,1121,135
2.0,1122,135
1.0,1124,135
1.0,1126,135
2.0,1128,135
2.0,1129,135
2.0,1131,135
0.654,1132,135
0.806,1133,135
0.705,1135,135
0.674,1137,135
1.0,1138,135
1.0,1139,135
1.0,1140,135
1.0,1141,135
2.0,1142,135
20.0,1143,135
2.0,1144,135
1.0,1145,135
1.0,1147,135
1.0,1148,135
1.0,1149,135
6.0,1150,135
6.0,1152,135
6.0,1153,135
1.0,1154,135
1.0,1156,135
1.762,1157,136
1.0,1159,136
1.0,1160,136
1.0,749,136
1.0,1161,136
1.0,1162,136
1.0,1163,136
1.396,1164,136
1.0,574,136
1.0,766,136
1.0,572,136
1.0,768,136
2.0,385,136
1.0,378,136
2.0,503,136
1.0,377,136
2.0,1165,136
8.0,771,136
1.0,1166,136
1.0,392,136
1.0,1167,136
8.0,1168,136
10.0,370,137
1.0,1169,137
1.0,605,137
1.0,603,137
1.0,1170,137
1.0,638,137
2.0,1171,137
1.0,1066,137
2.0,1172,137
2.0,783,137
1.0,1062,137
1.0,1173,137
1.0,925,137
1.0,1174,137
2.766,1175,137
1.0,635,137
0.702,1176,137
2.0,1177,137
1.0,1178,137
3.0,1179,137
1.0,1180,138
1.0,749,138
1.0,1181,138
2.0,1182,138
1.0,574,138
1.0,389,138
1.0,573,138
2.0,712,138
1.0,1183,138
1.0,1184,138
1.0,1185,138
1.0,571,138
1.0,1186,138
1.0,393,138
1.0,1187,138
1.0,764,138
1.0,394,138
1.0,1188,138
1.0,768,138
2.0,1189,138
1.0,1190,138
1.0,1191,138
1.0,1192,138
1.0,1110,138
1.0,1193,138
1.0,1194,138
1.0,1195,138
2.0,378,138
1.0,1196,138
2.0,1197,138
0.24,1198,138
1.0,385,138
0.713,1199,138
0.619,1200,138
1.0,1201,138
1.0,1202,138
1.0,1203,138
1.0,1204,138
1.0,1205,138
0.906,1206,138
0.08,1207,138
1.578,1208,138
1.0,1209,138
1.0,1210,139
1.0,1211,139
1.0,1212,139
1.0,1213,139
2.0,1214,140
5.0,1215,140
1.0,1216,141
1.0,1217,141
4.0,1218,141
1.0,1219,142
1.0,1221,142
1.0,1222,142
1.0,1223,142
2.0,1224,142
1.0,1225,142
1.0,1226,142
1.0,1227,142
3.0,1228,142
1.0,1229,142
1.0,1230,142
2.0,1231,142
1.0,1232,142
1.0,1233,142
1.0,1234,142
3.0,1235,142
1.0,1236,142
1.0,1237,142
1.0,1238,142
1.0,1239,142
1.0,1240,142
1.0,1241,142
1.0,1242,142
0.776,1243,142
2.0,1244,142
2.0,1245,142
40.0,1246,142
1.0,1247,143
2.0,1248,143
0.592,1249,144
2.0,1250,144
1.0,1251,144
1.0,1252,145
1.0,1253,145
1.0,1254,145
1.0,1255,145
1.0,1256,145
1.0,1257,146
1.0,1258,146
1.0,1259,146
1.0,1260,147
1.0,1261,147
1.0,1262,148
1.0,1263,149
2.0,1264,150
1.0,1265,150
1.0,1266,150
4.0,1267,150
2.0,1268,150
2.258,1269,151
1.0,1271,151
1.0,783,151
10.0,733,151
0.772,1272,151
1.0,1273,151
1.0,373,151
1.208,1274,151
2.0,1275,151
0.236,1276,151
1.0,1277,151
6.0,610,151
4.0,1278,151
1.0,1279,152
2.0,1280,152
1.0,1281,153
2.0,1282,153
1.0,1283,153
2.0,1284,153
4.576,1285,154
1.0,1287,154
1.0,1271,154
2.0,1288,154
1.0,1289,154
2.0,639,154
1.0,1290,154
2.0,640,154
1.0,1291,154
2.0,602,154
1.182,1292,154
1.0,1293,154
1.0,1294,154
1.0,635,154
1.0,1295,154
1.0,1296,154
2.0,1297,154
1.0,628,154
1.18,1298,154
8.0,1052,154
2.0,1299,154
1.0,373,154
0.502,1300,155
0.525,1302,155
1.0,1304,155
3.0,1305,155
1.0,1306,155
2.0,1307,155
1.0,1309,155
2.0,1310,155
1.0,1311,155
2.0,1312,155
1.0,1313,155
4.25,1314,155
1.0,1315,155
1.128,1316,155
1.0,1317,155
1.0,1318,155
1.0,1319,155
1.288,1320,155
1.0,1321,155
2.0,1322,155
4.0,1323,155
1.0,1324,155
3.0,1325,155
2.0,1326,155
3.0,1327,155
2.0,1328,155
2.0,1329,155
1.0,1330,155
2.0,1331,155
1.0,1332,155
1.0,1333,155
1.0,1334,155
1.0,1335,155
1.0,1336,155
2.0,1337,155
1.0,1338,155
2.0,1339,155
1.0,1340,155
0.648,1342,155
1.0,1344,156
1.0,1345,157
1.0,1346,157
1.0,1347,157
1.0,1348,157
1.0,1349,158
1.0,1350,158
1.0,1351,158
1.0,1352,158
1.0,1353,158
1.0,1354,158
1.0,1355,159
1.0,1356,159
1.0,1357,159
1.0,1358,159
1.0,1359,160
1.0,1360,160
1.0,1361,160
1.0,1362,161
1.0,1363,161
1.0,1364,162
2.0,1365,162
1.0,1366,162
1.0,1367,163
1.0,1368,163
1.0,1369,163
1.0,1370,163
1.0,1371,163
1.0,1372,163
1.0,1373,163
7.0,1374,163
4.0,1375,163
2.0,1376,163
1.0,1377,163
2.0,1378,163
2.0,1379,163
1.0,1380,163
5.0,1381,163
10.0,1382,163
3.0,1383,163
1.0,1384,163
4.0,1385,163
1.076,1386,163
4.0,1387,163
2.0,1388,163
2.0,1389,163
2.0,1390,163
2.0,1391,163
2.0,1392,163
1.0,847,164
1.0,1393,164
1.0,1355,164
1.0,844,164
1.0,1394,164
1.0,657,165
1.0,658,165
1.0,625,165
1.0,1395,165
1.0,1396,165
1.0,653,165
1.0,1397,166
1.0,1397,167
0.282,1398,168
8.0,795,168
2.0,794,168
1.148,1399,169
1.38,1400,169
1.0,1401,169
2.0,783,169
1.0,594,169
1.0,1402,169
0.107,1403,169
2.0,1404,169
0.77,1405,169
1.0,1406,169
1.0,1407,169
1.0,1408,169
1.0,1409,169
1.0,1410,169
1.0,363,169
2.0,639,169
8.0,1052,169
2.0,373,169
2.0,942,169
3.0,1411,170
6.0,1412,170
2.0,1413,171
2.0,1414,171
1.0,1415,171
0.89,1416,172
0.246,1417,172
1.0,1418,173
1.0,1419,173
1.0,1420,173
1.0,1421,174
1.0,1422,174
1.0,1423,174
2.0,931,175
0.938,1425,175
0.994,1427,175
2.0,1429,175
1.0,1430,175
1.0,1431,175
1.0,1432,175
1.0,1433,175
1.0,1434,175
1.0,1435,175
2.0,633,175
2.0,1436,175
1.0,634,175
1.0,785,175
2.0,1437,175
2.0,1438,175
1.0,1439,175
0.32,1440,175
1.0,638,175
0.978,1441,175
1.0,648,175
1.0,628,175
1.0,646,175
2.0,1442,175
1.0,1443,176
8.0,904,177
17.0,1444,177
1.0,1445,178
1.0,1446,179
1.0,1447,179
2.0,1448,179
8.0,1449,179
2.0,1450,179
1.0,1451,179
3.0,1452,179
1.0,1453,179
7.0,1454,179
1.0,1455,179
1.512,1456,180
0.776,1457,180
5.0,795,180
1.0,1458,181
1.0,1459,181
1.0,1460,181
51.31,1461,182
5.0,1462,182
1.0,1463,183
1.0,1464,183
1.0,1465,183
1.0,1466,183
1.0,1467,183
2.0,1468,183
2.4,1469,184
2.0,1470,185
1.0,1470,186
2.0,1471,187
1.0,1472,187
1.0,1473,187
1.0,1355,187
1.0,1474,187
1.0,1475,187
1.0,1476,187
2.0,1477,188
1.0,1478,189
3.0,775,189
1.0,1479,189
1.0,1480,189
0.94,1481,189
1.0,1482,189
1.0,1483,189
1.0,1484,189
1.0,1485,189
1.0,1486,189
1.0,1487,189
1.0,1488,189
1.0,1489,190
1.0,1490,190
2.0,1491,190
2.0,1492,191
1.0,1493,192
1.0,1494,192
1.0,1495,192
1.0,1496,192
1.0,1497,192
1.0,1498,192
1.0,1499,192
1.0,1500,192
1.0,1501,192
1.0,1502,192
1.0,1503,192
1.0,1504,193
1.0,1505,193
1.0,1506,193
2.0,1507,194
2.0,1508,194
2.0,1509,194
1.0,1510,194
1.0,1511,194
1.0,1512,194
1.0,1513,194
1.0,1514,194
1.0,1515,194
1.0,1516,194
1.0,1517,194
2.0,1518,194
1.0,1519,194
1.0,1520,194
1.0,1521,194
1.0,1522,195
1.0,1523,195
2.0,1524,196
1.0,1525,196
1.0,1526,197
4.0,798,197
4.0,799,197
2.0,1527,197
1.0,800,197
2.0,1528,198
1.0,1529,198
2.0,1530,198
2.0,1531,198
2.0,1532,198
2.0,1483,199
0.29,1533,199
0.27,1534,199
1.03,1535,199
1.0,800,199
1.0,1536,200
2.0,1537,200
2.0,1538,200
1.0,1539,200
5.0,795,201
1.0,1540,201
2.0,1541,201
2.0,1542,201
1.325,1543,201
1.0,1544,202
2.0,1545,202
1.0,1546,202
1.0,1547,202
1.0,1548,202
12.0,904,203
1.0,1549,204
3.0,915,205
1.0,1550,206
3.0,1551,206
1.0,1552,206
1.0,1553,206
1.0,1555,207
1.0,1556,207
8.0,1557,207
2.0,1558,207
1.0,1559,207
3.0,1560,207
3.0,1561,207
5.0,1562,207
7.0,1563,207
5.0,1564,207
1.0,1565,207
2.0,1566,207
4.0,1567,207
4.0,1568,207
1.0,1569,207
2.0,1570,207
2.0,1571,207
1.0,1572,208
2.0,1573,208
1.0,1574,208
7.095,1575,208
3.0,1576,208
3.0,1576,208
4.0,1577,208
1.0,1578,208
1.0,1579,208
1.0,1580,208
1.0,1581,208
1.0,1582,208
2.0,1583,208
1.0,1584,208
4.0,1585,208
1.0,1586,208
1.0,1587,208
1.0,1588,208
1.0,1589,208
1.0,1590,208
4.0,1591,208
1.0,1592,208
1.0,1593,208
8.0,1594,208
1.0,1595,208
1.0,1597,209
2.0,1598,209
2.0,1599,209
1.0,1600,209
1.0,1601,209
1.0,1602,209
1.0,1603,209
1.0,1604,210
4.0,1605,211
7.0,1606,211
60.0,1607,211
3.0,1608,211
1.0,1609,211
9.0,1610,211
1.0,1611,211
1.0,1612,211
20.0,1613,211
1.0,1614,211
1.0,1615,211
1.0,1616,211
1.0,1617,212
1.0,1618,213
1.0,1619,213
1.0,1620,213
1.0,1621,213
1.0,1622,213
2.0,1623,213
2.0,1624,213
1.0,1625,213
1.0,1626,213
3.0,1627,213
1.0,1628,213
1.0,1629,213
2.0,1630,214
1.0,1471,214
1.0,1631,214
10.0,1632,215
1.0,1633,216
1.0,1634,216
1.0,1635,217
1.0,1636,217
2.0,1637,217
1.0,1638,217
2.0,1639,217
2.0,1640,217
44.98,1641,218
1.0,1642,219
5.0,1643,219
1.0,1644,220
1.0,1645,220
4.0,1646,220
1.0,1647,220
1.0,723,220
5.0,1648,220
1.0,1649,220
1.0,1650,220
1.0,1651,220
1.0,1652,220
2.0,1064,220
1.0,1653,220
1.0,1654,220
2.0,640,220
2.0,635,220
1.0,1655,220
1.0,1656,220
1.0,789,220
1.0,1657,220
2.0,373,220
1.0,1299,220
1.0,1658,221
1.0,1659,221
1.0,1660,221
1.0,1661,221
3.0,1662,221
1.0,1663,221
1.0,1664,221
2.0,1665,221
2.0,1666,222
6.0,1668,222
1.0,1670,223
1.0,1671,223
4.0,1672,223
2.0,1673,224
3.0,1674,224
2.0,1675,224
1.0,1676,224
1.0,1677,224
1.0,1678,224
2.0,1679,224
1.0,1680,225
1.0,1681,225
1.0,1682,225
1.0,1683,225
3.0,1684,225
1.0,1685,225
3.0,1686,225
2.0,1687,225
2.0,1688,225
3.0,1689,225
2.0,1690,225
2.0,1691,225
2.0,1692,225
1.0,1393,226
1.0,1694,226
1.0,1695,226
1.0,1354,226
1.0,1355,226
5.0,1610,227
6.0,1696,227
20.0,1697,227
40.0,1607,227
6.0,1698,227
2.0,1699,227
5.0,1700,227
1.0,1701,227
1.0,1605,227
1.0,1612,227
2.0,1615,227
1.0,1702,227
2.0,1703,227
4.0,1704,227
1.0,1705,227
3.0,1706,227
4.0,1614,227
20.0,1613,227
1.0,1707,227
2.0,1708,227
1.0,1709,227
2.0,1710,227
1.0,1711,227
2.0,1712,227
1.0,1713,228
1.0,1714,228
1.0,1715,228
1.0,1716,228
1.0,1717,228
44.65,1718,229
1.0,1719,230
1.0,1720,230
1.0,1721,231
1.0,1722,231
8.0,1723,231
1.0,1724,231
1.0,1725,231
1.0,1726,231
1.0,1663,231
1.0,1727,231
1.0,1728,231
2.0,1664,231
1.0,1729,231
1.0,1730,231
1.0,1731,231
1.0,1465,232
1.0,1466,232
1.0,1732,232
1.0,1464,232
1.0,1735,234
1.0,1737,234
1.0,1738,234
1.0,1739,234
1.0,598,234
2.0,640,234
2.0,1740,234
1.0,1741,234
4.0,1742,234
3.0,1743,234
0.218,1744,234
2.0,1745,234
1.0,646,234
1.016,1746,234
1.0,1749,236
1.0,847,236
1.0,1355,236
1.0,1750,236
1.0,846,236
2.0,845,236
1.0,1751,236
1.0,1022,236
1.0,1020,236
1.0,1752,236
1.0,1753,236
1.0,1351,236
1.0,844,236
1.0,1754,236
1.0,1755,236
1.0,1756,236
1.0,1757,236
1.0,1758,236
1.0,1759,237
2.0,1760,237
2.0,1761,237
4.0,1762,237
1.0,1763,237
1.0,1764,237
1.0,1765,237
2.0,1766,237
1.0,1767,237
1.0,1768,237
2.0,1769,237
1.0,1770,237
1.0,1771,237
1.0,1772,237
1.0,1773,237
1.0,1774,237
1.0,1775,237
1.0,1776,237
0.9,1777,237
0.716,1778,237
1.0,1779,237
1.0,1780,237
1.0,1781,237
6.4,1782,237
1.0,1783,237
10.0,1784,237
1.0,1785,237
1.0,1787,238
1.0,1788,238
0.144,1789,238
1.0,1790,238
1.0,1791,239
3.0,1792,239
1.0,1793,239
1.0,1794,240
1.0,1795,240
1.0,1796,240
2.0,1797,241
2.0,1798,241
3.0,1799,241
1.0,1800,241
1.0,1801,241
1.0,1802,241
1.0,1803,242
6.0,372,243
10.0,1806,243
2.0,1807,243
1.0,1809,243
0.956,1811,243
1.0,1812,243
1.0,1813,243
0.306,1814,243
1.0,1815,243
1.0,600,243
2.0,1816,243
1.0,1817,243
3.0,1436,243
2.0,1818,243
1.0,1819,243
1.0,1820,243
1.0,1821,243
1.0,1742,243
2.0,1433,243
1.0,1822,243
0.626,1823,243
2.0,935,243
3.0,1824,243
3.0,373,243
1.0,1825,244
1.0,1826,244
1.0,1827,245
1.0,1828,245
2.0,1829,246
4.0,1830,246
3.0,1831,246
1.01,1832,246
6.0,1833,246
1.0,1834,246
1.0,1835,246
1.0,1836,246
1.0,1837,246
1.0,1838,246
2.0,1839,247
1.0,1840,247
1.0,1841,248
1.0,1842,248
1.0,1843,248
3.0,1844,248
1.0,1636,249
1.0,1637,249
1.0,1845,249
1.0,1846,249
7.0,1672,250
3.0,1670,250
1.0,1847,251
1.0,1849,251
43.67,1851,252
1.0,1852,253
1.0,1853,253
1.0,1854,253
1.0,1855,253
0.352,1856,253
4.094,1857,253
1.0,1858,253
2.0,1859,254
4.0,1860,254
1.0,600,255
0.662,1861,255
1.0,1654,255
1.0,1862,255
1.0,1863,255
1.0,1864,255
1.0,1865,255
0.698,1866,255
0.631,1867,255
1.218,1868,255
1.0,1869,255
1.0,639,255
1.0,1870,255
1.0,1871,255
1.0,648,255
1.274,1872,255
1.0,1873,255
1.082,1874,255
1.0,1875,255
6.0,373,255
1.0,1876,255
1.0,687,256
1.0,688,256
1.0,689,256
1.0,690,256
1.0,691,256
3.0,692,256
1.0,693,256
1.0,1877,259
2.0,1878,259
3.0,575,259
1.0,1879,259
0.476,1880,259
1.0,1881,259
1.0,1882,259
1.0,765,259
6.0,1883,259
18.0,1884,259
6.0,1885,259
6.0,1886,259
1.0,504,259
6.0,1887,259
6.0,1888,259
1.0,1889,259
1.0,1890,259
1.0,1891,259
1.0,1892,259
1.0,1893,259
1.0,1894,259
1.612,1895,259
1.0,1896,259
1.0,1897,259
2.0,1898,259
1.0,1899,259
1.0,1900,259
1.0,1901,259
1.0,1902,259
1.0,1903,259
20.0,1904,259
2.0,1905,259
2.0,1167,259
2.0,391,259
1.0,1906,259
1.0,1907,259
1.0,1908,261
1.0,1909,261
2.0,1637,261
1.0,1635,261
2.0,1639,261
1.0,1910,263
1.0,1911,264
1.0,1912,264
1.0,1913,264
1.0,1914,264
1.0,1915,264
2.0,1916,265
3.0,1917,265
2.0,1918,265
1.0,1845,265
1.0,1919,265
1.0,1920,266
1.0,1921,266
1.0,1922,267
1.0,1908,267
1.0,1923,267
2.0,1924,268
1.0,1925,269
1.0,1926,270
1.0,1927,270
1.0,1928,270
24.42,1929,271
1.0,1930,272
1.0,1931,272
1.0,1932,272
2.0,1933,272
1.0,1934,272
1.0,1935,272
2.0,1636,273
1.0,1635,273
2.0,1922,273
1.0,1936,273
1.0,1937,273
3.0,1938,273
1.0,1939,273
1.0,1845,273
1.0,1940,273
1.0,1941,274
1.0,1943,274
2.0,1944,275
1.0,1945,275
2.0,1946,275
1.0,1947,275
1.0,1948,276
1.0,1949,276
1.0,1950,276
0.709,1951,276
2.0,1952,276
1.0,1953,276
1.0,1654,276
1.0,373,276
1.0,363,276
1.0,1954,276
1.0,1955,276
2.0,600,276
1.0,1956,276
1.0,634,276
2.0,1957,276
1.0,1958,276
0.672,1959,276
1.0,602,276
10.0,1052,276
1.0,1960,277
5.0,1961,277
1.0,1962,277
1.0,1963,278
1.0,1964,278
1.0,1965,278
1.0,1966,278
1.0,1967,278
1.0,1968,278
1.0,1969,278
3.0,1970,278
3.0,1970,278
2.0,1971,278
1.0,1972,278
1.0,848,279
4.0,849,279
1.0,1973,279
1.0,1974,279
4.0,1975,279
1.0,851,279
1.0,1976,279
2.0,1977,279
1.0,1978,279
1.0,850,279
13.32,1979,281
1.0,1980,282
1.0,1981,282
1.0,1945,283
1.0,1982,283
6.0,1983,284
1.0,1984,284
1.0,1985,284
1.0,1986,285
1.0,1987,286
4.0,1988,287
2.0,1990,288
1.0,1991,289
1.0,1993,290
1.0,1994,290
1.0,1995,290
1.0,1996,290
1.0,1997,290
1.0,1998,290
2.0,910,290
1.0,1999,291
1.0,2001,291
2.0,582,291
1.0,2003,291
1.0,2004,291
1.0,2005,291
1.0,504,291
2.0,2006,291
1.0,2007,291
1.0,2008,291
1.0,2009,291
3.0,506,291
0.848,2010,291
0.747,2011,291
1.666,2012,291
0.878,2013,291
1.0,2014,291
1.0,2015,291
1.0,2016,291
2.0,2017,292
1.0,2018,292
2.0,2017,293
1.0,2018,293
0.99,2019,294
0.556,2020,294
3.0,2021,295
1.0,2022,295
1.0,2023,295
1.0,2024,295
1.0,2025,295
1.0,2026,295
2.0,2027,295
1.0,2028,295
1.0,2029,296
1.0,2030,296
1.0,2031,296
1.0,2032,296
3.0,2033,296
1.0,2034,296
1.0,2035,296
1.0,2036,297
1.0,2037,298
1.0,844,299
1.0,1720,299
1.0,2038,299
1.0,1472,299
1.0,2039,299
1.0,2040,299
1.0,2041,299
1.0,2042,299
1.0,2043,299
1.0,2045,300
1.0,2046,301
1.0,2047,301
1.0,2048,301
1.0,2049,303
0.455,2050,303
1.0,2051,303
1.0,2052,303
2.0,1545,303
1.0,2053,303
1.0,2054,303
1.0,2055,303
1.0,2056,303
1.0,2057,303
2.0,2058,304
37.43,2059,305
1.0,2060,306
1.0,2061,306
1.0,2062,306
1.0,2063,306
1.0,2064,307
1.0,2065,307
1.0,2066,308
1.0,2067,308
1.0,2068,309
1.0,2069,309
1.0,2070,309
1.0,2071,309
1.0,2072,309
1.0,2073,309
8.0,2074,309
1.05,2075,310
1.0,2076,310
1.0,2077,310
1.0,2078,310
1.0,2079,310
1.312,2080,310
1.118,2081,310
1.0,2082,310
0.352,2083,310
2.0,2084,310
0.938,2085,310
0.466,2086,310
0.71,2087,310
1.0,2088,310
2.0,2089,310
1.0,2090,310
1.0,2091,310
2.0,2092,310
2.0,2093,310
3.0,2094,310
2.0,2095,310
2.0,2096,310
1.0,2097,310
2.0,2098,310
4.0,2099,310
1.0,2100,310
1.0,2101,310
2.0,2102,310
2.0,2103,310
1.0,2104,310
2.0,2105,310
2.0,2106,310
2.0,2107,310
4.0,2108,310
2.0,2109,310
8.0,2111,311
1.0,2113,311
2.0,2115,311
0.926,2117,311
1.309,2119,311
1.0,2121,311
1.0,2123,311
1.0,2124,311
2.0,2126,311
1.502,2128,311
2.0,2130,311
1.0,2132,311
1.0,2134,311
1.0,2135,311
1.0,2137,311
1.0,2138,311
1.0,2140,311
1.0,2142,311
1.0,2143,311
1.0,2145,311
1.0,2147,311
2.0,2148,311
0.528,2150,311
1.0,2151,311
1.0,2153,311
1.0,2155,311
0.346,2157,311
1.0,2159,311
1.0,2160,311
2.0,2161,311
2.0,2163,311
1.54,2165,312
1.0,2167,312
1.0,2169,312
2.0,2171,312
1.0,2173,312
1.0,2175,312
1.0,2176,312
3.0,2177,312
1.0,2178,312
0.824,2179,312
3.0,2180,312
1.0,2181,312
1.0,2182,312
1.0,2183,312
2.0,2184,312
1.0,2185,312
1.0,2186,312
2.0,2187,312
2.0,2188,312
4.0,2189,312
4.0,2190,312
1.0,2191,312
2.0,2192,312
1.0,2193,312
1.0,2194,312
1.0,2195,312
1.0,2196,312
2.0,2197,312
1.0,2198,312
2.0,2199,312
1.0,2200,312
1.0,2201,312
1.0,2202,312
1.0,2203,312
1.0,2204,312
1.0,2205,312
1.0,2206,312
1.0,2207,312
2.0,2208,312
1.0,2209,312
1.0,2210,312
4.0,2211,312
0.706,2212,312
0.904,2213,312
2.0,2214,313
0.956,2215,313
1.02,2216,313
1.0,2217,313
2.0,2218,313
1.304,2219,313
1.0,2221,313
1.0,2222,313
1.098,2223,313
1.0,2224,313
0.702,2225,313
1.0,2226,313
1.0,2227,313
1.0,2228,313
1.0,2229,313
1.0,2230,313
1.0,2231,313
2.014,2232,313
1.0,2233,313
2.0,2234,313
1.0,2235,313
2.0,2236,313
4.0,2237,313
1.0,2238,313
1.0,2239,313
0.246,2240,313
0.866,2241,313
2.0,2243,313
1.0,2244,313
2.0,2245,313
1.0,2246,313
1.0,2247,313
2.0,2248,313
1.0,2249,313
1.0,2251,313
1.0,2252,313
1.0,2253,313
0.244,2254,314
10.0,2255,315
2.0,2256,315
1.0,2257,316
2.0,2258,317
4.0,2259,318
2.0,2260,319
1.0,2261,319
1.0,2262,320
1.0,2263,320
1.0,2264,320
1.0,2265,320
1.0,2266,321
1.0,2267,321
1.0,2268,321
1.0,2269,321
1.0,2270,322
1.0,2271,322
1.0,2272,322
1.0,2273,322
2.632,2274,322
1.0,2275,322
1.0,2276,322
1.0,2277,322
2.0,157,323
2.0,2278,323
1.0,2279,324
1.0,2280,324
1.066,2281,325
1.0,2282,325
1.0,2272,325
2.0,2283,325
1.0,2284,325
1.0,2285,325
1.0,2286,325
1.0,2277,325
2.0,2288,326
0.68,2289,326
2.0,2290,326
1.0,2291,326
2.0,2272,326
2.0,2292,326
1.0,2293,326
2.0,2294,326
2.0,2295,326
2.0,2277,326
6.0,2296,327
12.0,2298,327
2.0,2299,327
6.0,2300,327
1.0,2301,328
1.0,2302,329
1.98,2304,329
2.0,2306,329
1.0,2308,329
1.0,2310,329
1.0,2312,329
2.0,2314,329
1.0,2315,329
1.0,2316,329
1.0,2317,329
1.0,2319,329
4.0,2320,329
1.0,2321,329
1.0,2323,329
1.0,2325,329
2.0,2326,329
2.0,2328,329
1.0,2329,329
2.0,2330,329
2.0,2332,329
2.0,2334,329
2.0,2335,329
2.0,2336,329
0.944,2337,329
1.0,2339,329
1.0,2340,329
1.0,2342,329
1.0,2343,329
1.0,2344,329
2.0,2345,329
1.0,2346,329
1.0,2348,329
1.0,2350,329
1.0,2352,329
0.726,2353,329
1.0,2355,329
1.0,2356,330
4.0,2357,331
1.0,2358,331
1.0,2359,331
2.0,2360,332
2.0,2361,332
1.0,2362,333
1.0,2363,333
3.0,2364,333
1.0,2365,333
1.0,2366,333
2.0,2367,333
1.0,2368,333
1.0,2369,333
1.0,2370,333
1.0,2371,333
4.0,2372,333
1.0,2373,333
1.0,2375,333
2.0,2376,333
1.0,2377,333
1.0,2378,333
1.0,2379,334
3.0,1018,334
5.0,370,334
1.0,2381,334
0.314,2382,334
1.0,1072,334
1.0,638,334
1.0,358,334
1.0,600,334
2.0,1066,334
1.0,1650,334
0.74,2383,334
0.677,2384,334
1.0,2385,334
0.244,2386,334
0.982,2387,334
1.0,1290,334
3.0,2388,334
2.0,602,334
1.0,2389,334
1.0,2390,334
1.0,879,334
1.0,2391,334
1.0,2392,334
2.0,935,334
1.0,878,334
1.0,1299,334
1.0,2393,334
1.0,373,334
5.0,610,334
1.0,2394,335
1.0,2395,335
1.0,2396,336
0.968,2397,337
1.0,2398,338
2.0,2399,338
3.0,2400,338
1.0,2401,338
1.0,2402,339
1.0,2403,339
1.0,2403,340
1.0,2404,340
0.566,2405,340
1.0,2406,341
1.0,2407,341
1.0,2408,342
1.0,2409,343
1.0,2410,344
1.0,2411,344
2.0,2412,344
1.0,2413,344
2.0,2414,344
1.11,2415,344
1.0,2417,344
1.416,2418,344
1.0,2419,344
2.0,2420,344
1.0,2421,344
3.0,2423,344
1.0,2424,344
2.0,2425,344
1.0,2426,344
1.0,2427,344
1.0,2429,344
2.0,2431,344
2.0,2432,344
4.0,2433,344
1.0,2434,344
1.0,2435,344
0.218,2436,344
1.0,2437,344
0.732,2438,344
0.236,2439,344
1.0,2440,344
1.0,2371,344
1.0,2441,344
1.0,2442,344
10.0,2255,345
1.0,2443,345
2.0,2444,345
2.0,2445,346
0.962,2447,346
6.0,2449,346
10.0,2450,346
1.0,2451,346
1.0,2115,346
2.0,2452,346
2.0,2453,346
1.0,2147,346
2.0,2454,346
7.0,2455,346
1.0,2456,346
0.628,2457,346
1.0,2458,346
1.102,2459,346
1.0,2460,346
3.0,2461,346
0.28,2462,346
1.0,2138,346
1.0,2463,346
1.71,2464,346
0.762,2465,346
1.0,2466,346
1.0,2467,346
1.0,2468,346
1.0,2469,346
1.0,2470,346
1.0,1030,347
1.0,1031,347
1.0,2471,347
1.0,2472,348
2.0,2494,350
1.0,2495,350
1.0,2496,350
2.0,2497,351
1.0,2498,351
1.0,2499,351
1.0,2500,351
1.0,2501,351
1.0,2502,351
2.0,372,352
1.0,2504,352
1.0,2390,352
1.0,600,352
2.0,640,352
1.0,2505,352
1.08,2506,352
1.0,635,352
1.0,638,352
1.0,2507,352
0.882,2508,352
4.0,2509,352
0.93,2510,352
1.256,2511,352
2.0,1018,352
2.0,945,352
10.0,370,352
1.0,2487,352
1.0,373,352
1.0,2512,353
1.0,2513,353
1.0,2514,353
1.0,2515,354
1.0,2516,354
2.0,2517,354
1.0,2518,354
1.0,2519,354
1.0,2520,354
1.0,2521,354
1.0,1430,355
1.0,373,355
3.0,942,355
1.0,2393,355
1.0,2522,355
4.0,2523,355
1.0,2524,355
1.0,600,355
1.0,2525,355
1.0,1290,355
1.0,602,355
1.724,2526,355
1.0,365,355
0.304,2527,355
2.0,2487,355
1.112,2528,355
1.0,2529,355
1.0,2530,355
1.0,701,355
1.0,647,355
1.0,1010,355
8.0,2531,355
1.0,1409,355
1.0,908,356
12.0,2532,356
1.0,2533,356
1.0,2534,356
1.0,651,357
3.0,2535,357
1.0,2536,357
1.0,1255,357
2.0,2537,358
1.0,783,358
2.0,2509,358
2.0,1401,358
0.376,2538,358
1.0,2539,358
1.0,874,358
1.0,2540,358
2.0,2541,358
1.0,2542,358
2.0,648,358
1.0,2543,358
1.0,2544,358
1.0,373,358
1.0,2545,358
2.0,2546,358
0.9,2547,359
0.662,2548,359
0.244,2549,359
1.0,2550,360
1.0,2551,360
1.0,2552,360
2.0,2553,360
1.0,2554,361
1.0,2555,361
1.0,2556,362
0.675,2558,362
2.0,2559,362
4.0,601,362
6.0,2560,362
2.0,1066,362
2.0,2483,362
1.0,363,362
2.0,2564,362
0.324,2565,362
1.078,2567,362
1.396,2568,362
1.0,2391,362
1.0,879,362
1.0,1954,362
2.0,602,362
1.0,640,362
1.0,2573,362
1.0,731,362
1.0,2574,362
1.0,872,362
1.0,990,362
1.0,604,362
1.0,605,362
1.0,373,362
1.0,2577,363
1.0,2578,363
1.0,600,363
1.0,2381,363
1.0,933,363
1.0,637,363
1.0,2579,363
1.066,2580,363
2.0,2581,363
1.0,2582,363
1.0,2583,363
1.0,2584,363
1.0,2585,363
0.678,2586,363
1.372,2587,363
1.0,1353,364
1.0,2588,364
1.0,2589,364
2.0,1471,364
2.0,845,364
1.0,846,364
1.0,2590,365
1.0,2591,365
1.0,2592,365
1.0,2593,366
1.0,2594,366
2.0,2595,366
1.0,2596,366
2.0,2597,366
1.0,2598,366
1.0,2599,366
1.0,2600,366
1.0,2601,366
1.0,2602,367
1.0,2603,368
1.0,2604,368
1.0,2605,368
0.968,2606,369
0.196,2607,369
0.378,2608,369
1.0,625,370
1.0,2609,370
1.0,2610,370
1.0,2611,371
1.0,458,372
1.0,2612,373
5.0,2613,374
1.0,2614,375
1.0,2615,375
4.0,2616,375
22.43,2617,376
48.03,2618,378
1.914,2619,379
1.0,2621,379
1.0,2622,379
1.0,2623,379
4.0,378,379
1.0,2624,379
1.0,2625,379
0.588,2626,379
1.0,2627,379
1.45,2628,379
1.0,749,379
1.0,750,379
2.0,2006,379
2.0,2007,379
2.0,385,379
2.0,2629,379
4.0,2630,379
1.0,2631,379
1.0,2632,379
2.0,2633,379
0.986,2634,379
1.0,1999,379
1.0,2635,379
1.0,710,379
1.0,2636,379
1.0,2637,379
1.0,2638,379
1.0,518,379
1.0,2639,379
1.096,2640,379
1.0,2641,379
1.0,2642,379
1.0,2643,379
2.034,2644,379
1.0,2645,379
1.0,2646,379
1.358,2647,379
1.07,2648,379
1.0,2015,379
1.0,2649,379
1.0,2014,379
1.0,2650,379
0.342,2651,379
0.328,2652,379
1.0,2653,379
1.1,2654,379
4.0,2655,379
2.0,2656,379
1.0,2657,379
1.164,2658,379
1.0,2473,380
1.0,2475,380
1.0,990,380
1.0,605,380
2.0,2476,380
1.0,600,380
1.0,2477,380
1.0,2478,380
1.0,2479,380
2.0,2480,380
1.0,2481,380
1.0,2482,380
1.0,2483,380
1.0,873,380
1.0,2484,380
1.0,1062,380
1.0,2485,380
1.0,2486,380
1.0,2487,380
1.0,628,380
0.864,2488,380
1.0,1066,380
1.0,2489,380
2.192,2490,380
1.0,2389,380
0.932,2491,380
1.0,878,380
1.0,1299,380
1.0,942,380
1.0,2492,380
1.0,2493,380
1.0,1271,380
1.0,648,380
1.0,2659,381
1.0,2660,381
2.0,2661,381
1.0,2662,381
1.0,2663,381
1.0,2664,381
1.0,2665,381
1.0,2666,381
1.0,2667,381
2.0,2668,381
1.0,2669,381
1.0,2670,381
2.0,2671,381
1.0,2672,383
0.118,2673,384
1.0,2403,384
1.0,2403,385
1.0,2403,386
12.0,2682,390
1.0,2684,390
1.0,2686,391
1.0,2686,392
1.0,2687,393
1.0,2688,393
1.0,2686,394
1.0,2689,395
2.0,2690,395
1.0,2691,396
1.37,2693,396
1.0,2694,396
1.0,2695,396
1.0,2696,396
1.0,2697,396
2.0,2698,396
2.0,2699,396
4.0,2700,396
6.0,2701,397
3.0,2702,398
2.0,2704,398
2.0,2706,398
1.0,2708,398
1.0,2466,398
4.0,2710,398
1.0,2711,398
1.0,2712,398
1.0,2713,398
1.0,2714,398
0.93,2715,398
4.0,2716,398
2.0,2717,398
2.0,2718,398
1.0,2719,398
1.0,2720,398
1.0,2721,398
1.0,2470,398
1.0,2461,398
1.0,2469,398
1.0,2453,398
1.0,2722,398
1.0,2723,398
2.0,2724,398
1.0,2725,398
2.0,2161,398
0.676,2726,398
1.0,2727,398
2.0,2728,398
2.0,2729,398
0.934,2730,398
1.0,2731,398
1.0,2732,398
1.0,2733,398
1.0,2734,399
2.0,2736,399
1.244,2738,399
1.0,2740,399
2.0,2742,399
1.0,2743,399
1.0,2744,399
1.0,196,399
2.0,2745,399
2.0,2746,399
3.0,2747,399
1.0,2748,399
1.418,2749,399
2.0,2750,399
2.0,2751,399
1.0,2752,399
1.0,206,399
1.0,2753,399
1.021,2754,399
1.0,208,399
1.0,2755,399
1.0,2756,399
1.0,2757,399
1.0,2758,399
1.0,2759,399
1.0,2760,399
1.0,2761,399
2.0,157,399
1.0,2762,399
1.0,2763,399
1.0,2764,399
2.0,2765,399
1.0,2766,399
2.0,2767,399
2.0,2768,399
1.0,2769,399
1.0,2770,399
1.0,2771,399
2.0,2772,399
1.0,2773,399
2.0,2774,399
2.0,2775,399
1.0,2776,399
2.0,2777,399
1.0,2778,399
1.0,2779,399
1.0,2780,399
1.0,2781,399
1.0,2782,400
1.0,2783,400
1.0,2784,400
1.0,2785,400
1.0,2786,400
46.05,2787,401
1.0,2788,402
1.0,2789,402
1.0,2790,402
1.0,2791,402
1.0,2792,402
1.0,2793,402
2.0,2794,402
1.0,2795,403
1.0,2796,403
1.0,2797,403
1.0,2798,403
1.0,2799,403
1.0,2800,403
1.0,2801,403
1.0,2802,403
1.0,2803,403
1.0,2804,403
1.0,2805,403
3.0,2806,403
2.0,2807,403
3.0,2808,403
1.0,2809,403
2.0,2810,403
1.0,2811,403
2.0,2812,403
0.094,2813,403
2.0,2814,403
1.0,2815,403
1.0,2816,403
1.0,2817,403
1.0,2818,403
1.0,2819,403
2.0,2820,403
3.0,2821,403
1.0,2822,404
1.0,2823,404
1.0,2824,405
2.0,2825,405
0.95,2826,405
1.0,2827,406
1.0,2828,406
3.0,2829,407
3.0,2830,407
4.0,2699,407
2.0,2831,407
2.0,2832,407
2.0,2833,407
1.162,2834,407
0.462,2835,407
3.0,2836,407
4.0,2700,407
1.0,2750,408
1.0,2837,408
1.0,2838,408
1.0,2839,408
1.0,2744,408
1.0,2840,408
1.0,2841,408
1.0,2842,408
1.0,2843,408
5.0,2844,408
3.0,2845,408
0.84,2846,408
4.0,2847,409
1.0,2848,409
1.0,2849,409
1.0,2850,412
1.0,2851,412
0.494,2852,412
1.0,2853,412
1.0,2854,412
2.0,2855,412
1.0,2856,412
0.158,2857,412
0.184,2858,412
0.436,2859,412
1.0,2860,414
1.0,2861,414
1.0,2862,414
1.0,2863,414
1.0,2864,414
2.0,2865,414
1.0,2866,414
1.0,2867,414
1.0,2868,414
1.0,2869,414
1.0,2870,414
2.0,2871,414
6.0,2872,415
2.0,2874,415
1.0,2876,415
1.0,2878,415
1.0,2879,415
1.0,252,415
1.0,236,415
1.0,2880,415
2.0,2881,415
1.0,2882,415
3.0,231,415
1.0,2883,415
1.0,2884,415
2.0,2885,415
1.002,2886,415
0.528,2887,415
0.388,2888,415
0.279,2889,415
0.291,2890,415
1.0,2891,415
1.876,2892,415
1.242,2893,415
0.842,2894,415
1.0,2895,415
1.0,2896,415
1.0,2897,415
2.0,2898,415
2.0,2899,415
1.0,2900,415
1.0,2901,415
1.0,2902,415
1.0,2903,415
1.0,2904,415
1.0,2905,415
1.0,2906,415
1.0,2907,415
1.0,2908,415
2.0,2909,416
1.0,2910,416
1.0,2282,416
2.0,2272,416
1.0,2911,416
1.0,2912,416
1.0,2913,416
1.0,2914,416
1.074,2915,416
1.0,2916,416
0.626,2917,416
1.638,2918,416
4.0,2919,417
2.0,2920,417
1.0,2921,417
2.0,2922,417
1.0,2923,417
1.0,2924,417
1.0,2925,417
2.0,2926,417
1.0,2927,417
2.0,2928,417
1.0,2929,417
1.0,2930,417
2.0,2931,417
1.0,2932,417
1.0,2933,417
1.0,2934,417
1.0,2935,417
2.0,2936,417
1.0,2937,417
1.0,2938,417
1.0,2939,417
1.0,2940,417
0.452,2941,418
2.0,2367,418
6.0,2942,418
6.0,2298,418
1.174,2943,418
1.0,2944,418
1.0,2946,418
1.0,2947,418
1.0,2414,418
3.0,2948,418
1.056,2949,418
1.0,2951,418
1.0,2952,418
1.938,2953,418
1.0,2954,418
1.002,2955,418
1.0,2956,418
2.0,2958,418
0.32,2959,418
1.0,2378,418
1.0,2961,418
2.0,2963,418
1.0,2964,418
2.0,2965,418
1.0,2966,418
1.0,2967,418
2.0,2968,418
1.0,2970,418
1.0,2371,418
1.0,2971,418
1.0,2375,418
1.0,2972,419
1.0,2973,419
1.0,2974,419
1.0,2273,419
3.0,2975,419
1.0,2976,419
40.0,2977,420
1.0,2978,421
1.0,2979,421
1.0,2980,421
2.0,2981,421
1.0,2982,421
1.0,2983,421
1.0,2984,421
1.0,2985,421
1.0,2986,421
1.0,2987,421
2.0,2988,421
1.0,2989,421
1.0,2414,421
1.0,2991,421
1.0,2956,421
1.0,2992,421
1.0,2993,421
2.0,2994,421
1.0,2995,421
1.0,2996,421
2.0,2403,422
1.0,2997,423
1.0,2998,423
1.0,2999,423
1.0,3000,424
1.0,3001,424
1.0,3002,424
1.0,3003,424
1.0,3004,424
1.0,3000,425
1.0,3001,425
1.0,3002,425
1.0,3003,425
1.0,3004,425
3.0,3005,426
1.0,3006,426
1.0,3008,426
1.0,3009,426
1.0,3010,426
1.0,3012,426
2.0,3013,426
1.0,3014,427
1.284,3016,427
2.0,3018,427
1.968,3019,427
2.0,3020,427
2.0,2323,427
1.0,3021,427
1.0,3022,427
2.0,2306,427
2.0,3023,427
4.0,3024,427
2.0,3025,427
2.0,3026,427
1.0,3027,427
1.0,3028,427
2.0,2344,427
2.0,3029,427
1.0,3030,427
1.0,3031,427
0.979,3032,427
1.0,3033,427
2.0,3034,427
1.0,3035,427
2.0,3036,427
2.0,3037,427
1.0,3038,427
1.0,3039,427
1.0,3040,427
2.0,3041,427
1.278,3042,427
1.0,3043,427
2.0,2334,427
6.0,3044,427
2.0,3045,427
1.0,3046,427
1.0,2314,427
1.0,3047,427
2.0,2330,427
1.0,3048,427
0.988,3049,427
1.0,3050,427
1.0,3051,427
1.0,3052,427
1.0,3053,427
1.0,3054,427
1.0,2348,427
1.0,3055,427
1.0,3056,427
1.0,3057,427
1.0,3058,427
1.0,3059,427
1.0,3060,427
2.0,3061,427
1.0,3063,427
2.0,3064,427
1.0,3065,427
1.0,3066,427
1.0,3068,427
1.0,3069,427
1.0,3070,427
1.0,2335,427
1.0,3071,427
1.0,3072,427
0.452,3073,427
1.0,3074,427
1.0,3076,427
1.0,3077,427
3.0,3079,428
1.0,3080,428
3.0,3081,429
1.0,3083,429
1.0,3085,429
2.0,3087,429
2.0,3089,429
1.0,3091,429
1.0,2850,430
1.0,3093,430
1.0,3094,430
3.0,3095,430
2.0,3096,430
1.0,3097,430
5.0,3098,430
1.0,3099,430
1.0,3100,430
1.0,3101,430
1.0,3102,431
1.0,3103,431
1.0,3104,431
1.0,3105,432
6.0,3107,432
1.0,3109,432
1.0,3111,432
4.0,377,432
2.0,389,432
1.0,3115,432
1.0,3117,432
2.0,3119,432
2.0,378,432
1.368,3121,432
3.0,3123,432
2.0,506,432
1.0,3125,432
1.498,3126,432
1.0,3127,432
6.0,501,432
1.0,3129,432
1.0,3130,432
1.0,3131,432
1.022,3132,432
1.0,2015,432
1.0,2014,432
1.0,3133,432
1.0,3134,432
1.0,3135,432
1.0,750,432
1.0,3136,432
1.0,3137,432
1.0,3138,432
1.0,3139,432
1.0,3140,432
1.0,3141,432
1.0,1186,432
1.0,3142,432
1.0,3143,432
1.0,3145,432
2.0,3146,432
1.0,385,432
1.0,3147,432
1.0,1167,432
1.0,392,432
1.0,567,432
1.0,583,432
1.0,391,432
2.0,3151,433
1.0,3152,433
1.0,3153,433
1.0,3154,433
1.0,602,433
2.0,600,433
2.0,3155,433
1.0,1401,433
1.0,783,433
2.0,3156,433
1.0,3157,433
1.0,2390,433
0.594,3158,433
1.0,3159,433
1.0,864,433
1.0,3160,433
1.0,3161,433
0.28,3162,433
1.0,3163,433
2.0,3164,433
3.0,1299,433
1.0,3165,433
0.56,3166,433
2.0,2544,433
1.102,3167,433
10.0,1052,433
1.0,628,433
1.0,648,433
2.16,3168,434
0.652,3169,434
0.138,3170,434
1.0,3171,434
1.14,3172,435
1.714,3173,435
1.0,602,435
1.0,3174,435
0.484,3175,435
1.0,600,435
1.0,360,435
1.0,3176,435
1.0,3177,435
1.0,3178,435
3.0,2388,435
1.0,3179,435
2.0,639,435
1.0,635,435
1.0,3180,435
1.0,3181,435
1.0,3182,435
1.0,3183,435
1.0,3184,435
1.288,3185,435
2.0,3186,435
2.0,3187,435
2.0,929,435
1.0,3188,435
2.0,2564,435
4.0,610,435
4.0,370,435
1.0,3189,435
1.0,611,436
5.0,795,436
0.246,3190,436
1.0,3191,437
1.0,3192,437
1.0,2038,438
1.0,3193,438
1.0,3194,438
2.0,1022,438
1.0,3195,438
1.0,846,438
1.0,3196,438
1.0,3197,438
1.0,2039,438
1.0,3198,438
1.0,3199,438
1.0,3200,439
1.0,3201,439
1.0,3202,439
1.0,365,440
0.478,3203,440
1.0,1860,440
1.0,3204,440
1.0,600,440
1.0,3205,440
1.0,3206,440
1.0,3180,440
2.0,3157,440
1.0,3181,440
4.0,2509,440
1.0,2391,440
1.0,879,440
4.0,370,440
4.0,610,440
1.0,3207,440
1.098,3208,440
1.0,3209,440
1.058,3210,440
3.0,3211,440
9.0,3212,440
1.0,3213,441
2.0,3214,442
1.0,3215,442
1.0,3216,442
1.0,625,443
1.0,658,443
1.0,653,443
1.0,3217,443
1.0,3218,443
1.0,3219,444
1.0,3220,444
1.0,3221,445
1.0,3222,445
1.395,3223,446
1.0,3224,446
1.0,3225,446
1.0,3226,446
1.0,3227,446
2.0,913,446
1.0,3228,446
2.0,3229,446
1.0,3230,446
1.0,3231,446
1.0,3232,446
1.0,3233,446
1.0,3234,447
2.0,3235,447
1.0,3236,447
1.0,3237,448
1.0,3238,448
2.0,3239,448
1.0,3240,449
1.0,3241,449
1.0,3242,449
1.0,3243,450
3.0,3245,450
1.0,600,450
1.0,602,450
1.0,2484,450
1.0,1066,450
1.0,933,450
1.0,3246,450
2.0,3247,450
1.0,726,450
1.0,3248,450
1.246,3249,450
1.0,3250,450
1.0,365,450
1.0,3251,450
4.0,2509,450
1.0,3252,450
2.0,935,450
2.0,1018,450
2.0,3253,450
2.0,945,450
2.0,936,450
1.0,2544,450
1.0,3254,450
1.0,3255,450
2.0,924,450
1.0,942,450
2.0,2492,450
2.0,1299,450
2.0,1177,450
0.81,3256,450
1.0,2585,450
2.0,846,451
1.0,845,451
1.0,1753,451
1.0,3257,451
1.0,1473,451
1.0,1022,451
1.0,3258,451
1.0,3260,452
2.0,3261,453
2.0,2544,454
0.853,3262,454
4.0,601,454
2.0,698,454
2.0,1064,454
1.602,3265,454
1.0,646,454
1.0,3268,454
1.22,3269,454
1.0,783,454
1.0,3251,454
0.114,3270,454
2.0,639,454
1.0,1401,454
1.0,3272,454
1.0,628,454
1.0,3179,454
1.0,3273,454
1.0,3274,454
1.0,3275,454
1.0,2381,454
1.0,3276,454
1.0,3277,454
1.0,2390,454
2.0,605,454
2.0,3278,454
1.0,3250,454
1.0,3279,454
1.0,2578,454
1.0,3280,454
1.0,1948,454
1.0,3282,455
1.0,3283,455
1.0,1630,455
1.0,1471,455
1.0,3284,455
1.0,3285,455
1.0,3287,456
1.0,3288,456
1.0,3289,456
1.0,3290,456
1.0,3291,456
1.0,3292,456
1.0,3293,457
1.0,3294,457
0.89,3295,457
0.92,3296,457
1.0,3297,457
1.0,3298,457
1.0,596,458
1.0,600,458
1.0,3299,458
2.0,3300,458
0.872,3301,458
1.0,1072,458
0.806,3302,458
2.0,3303,458
1.0,602,458
1.0,3268,458
3.0,373,458
2.0,1299,458
1.0,942,458
1.0,3304,458
1.0,3305,459
1.0,3307,460
1.0,3308,460
1.0,3309,460
1.0,3310,461
3.0,3311,462
1.0,3313,462
1.0,1652,462
1.0,3314,462
1.0,600,462
1.0,3182,462
1.0,2390,462
2.0,639,462
1.0,3315,462
2.0,1066,462
1.0,3316,462
2.0,698,462
0.272,3317,462
1.0,2381,462
1.0,3318,462
3.0,2388,462
0.182,3319,462
1.0,3320,462
2.0,3321,462
1.0,3183,462
1.0,3322,462
0.316,3323,462
1.0,3324,462
1.0,3325,462
0.786,3326,462
1.106,3327,462
1.0,697,462
0.346,3328,463
0.212,3329,463
8.0,795,463
1.0,611,463
6.0,3330,464
1.0,3331,464
1.0,3332,465
1.01,3333,466
1.0,3334,466
1.0,3335,466
3.0,3336,466
3.0,3337,466
10.0,3338,467
1.0,3339,468
46.55,3340,469
1.0,1802,470
2.0,1798,470
1.0,3341,470
1.0,3342,470
2.0,3343,470
2.0,3344,470
1.0,1801,470
1.0,3345,470
2.0,1799,470
1.0,1800,470
1.0,3346,471
0.8,3347,471
1.0,3348,471
1.0,3349,471
3.0,3350,472
1.0,3351,472
1.0,3352,472
1.0,3353,472
1.0,3354,472
1.0,3355,472
2.0,3356,472
1.0,3357,472
1.0,3358,472
1.0,3359,472
1.0,3360,472
1.0,3361,472
3.0,3362,472
1.0,3363,472
2.0,3364,472
2.0,1234,472
2.0,3365,472
1.0,3366,472
1.0,3367,472
1.0,3368,472
1.0,3369,472
1.0,3370,472
1.0,3371,472
3.0,3372,472
2.0,3373,472
3.0,3374,472
1.228,3375,472
1.0,3376,472
1.242,3377,472
0.844,3378,472
1.0,3379,472
1.0,3380,472
1.35,3381,472
1.0,3382,472
1.0,1245,472
15.0,1246,472
1.0,3383,473
1.0,3384,473
1.0,3385,473
1.0,3386,473
1.0,3387,473
1.0,3388,473
1.0,3389,473
1.0,3390,473
1.0,3391,473
1.0,3392,473
1.0,3393,473
1.0,3394,473
1.0,3395,474
1.0,3396,474
10.0,3397,475
1.0,3398,475
2.0,3399,475
4.0,3400,475
4.0,3401,475
1.0,3402,475
1.0,3403,476
1.0,1730,476
1.0,3404,476
1.0,3405,476
1.0,3406,476
1.0,3407,476
2.0,3408,476
1.0,848,477
1.0,850,477
2.0,851,477
1.0,3409,477
2.0,854,477
2.0,1978,477
4.0,849,477
2.0,1977,477
2.0,1973,477
1.0,3410,478
1.0,3411,479
3.0,3412,479
5.0,3338,480
1.0,3413,481
8.0,3414,481
2.0,3415,481
2.0,3416,481
1.0,3417,481
1.0,3418,481
1.0,3419,481
1.0,3420,481
1.0,3421,481
1.0,3422,481
1.0,3423,481
1.0,3294,482
1.0,3424,482
1.0,3425,482
2.0,3426,482
1.0,3427,482
3.0,3428,483
1.0,3429,483
1.0,3430,483
2.0,893,483
2.0,3431,483
1.0,3432,483
1.0,3433,483
1.0,3434,483
1.0,3435,483
1.0,653,484
1.0,625,484
1.0,3217,484
1.0,658,484
1.0,3436,484
1.0,657,484
1.0,3437,485
39.77,3438,486
27.88,3439,487
1.0,3442,489
1.0,3443,489
3.0,3444,489
1.0,3445,490
1.0,3446,491
1.0,3447,491
0.804,3448,491
0.892,3449,491
1.0,2484,491
1.0,3450,491
1.0,3246,491
1.0,3451,491
2.0,933,491
2.0,2388,491
1.0,3452,491
1.0,3453,491
0.518,3454,491
1.0,3455,491
1.0,3456,491
10.0,1052,491
1.0,1401,491
2.0,783,491
1.0,3457,491
0.5,3458,491
1.0,3459,491
1.0,365,491
1.0,3460,491
3.0,3461,491
1.0,2579,491
1.0,1015,491
2.0,3462,492
1.645,3464,492
3.0,3466,492
3.0,3468,492
3.0,3469,492
2.0,3470,492
1.0,3471,492
2.0,601,492
1.0,3472,492
1.0,3473,492
1.0,3474,492
1.0,3475,492
1.288,3476,492
2.0,3459,492
0.21,3477,492
2.0,700,492
2.0,3478,492
1.0,3479,492
1.0,3480,492
1.0,3481,492
1.0,3482,492
1.0,3483,492
1.0,3484,492
2.0,924,492
1.0,1008,492
5.0,370,492
5.0,610,492
2.0,3485,492
1.0,3486,492
1.0,3487,493
1.0,3488,493
1.0,3489,493
1.0,3490,493
1.0,3491,493
1.0,848,494
2.0,3409,494
2.0,851,494
6.0,853,494
2.0,3492,494
2.0,3493,494
2.0,1978,494
3.0,849,494
2.0,1977,494
2.0,3494,494
2.0,3495,494
2.0,3500,496
2.0,3501,496
1.0,3502,496
1.0,3503,496
8.0,3338,497
1.0,3504,498
1.0,3505,499
4.0,3506,499
2.0,3507,500
1.0,3508,500
1.0,3509,500
1.0,3510,500
1.0,3511,500
1.0,3512,500
1.0,3513,500
1.0,3514,500
1.0,3515,500
1.0,3516,500
1.0,3195,501
1.0,3517,501
1.0,2039,501
1.0,3104,502
1.0,3518,503
1.0,3519,503
1.0,3520,503
28.74,3521,504
10.0,3338,505
0.656,3522,506
1.0,1072,506
1.0,596,506
1.612,3523,506
3.0,590,506
1.0,3524,506
2.0,2564,506
1.0,3525,506
1.0,3526,506
1.0,2390,506
1.0,1073,506
2.0,3205,506
1.0,3280,506
1.0,940,506
1.0,2381,506
1.0,3445,507
2.0,3527,508
1.0,3529,508
1.0,3530,508
1.0,3531,508
2.0,378,508
1.0,713,508
1.0,752,508
2.0,3532,508
1.146,3533,508
0.538,3534,508
1.0,762,508
2.0,385,508
1.0,2629,508
0.61,3535,508
1.0,504,508
1.0,3536,508
1.0,3125,508
1.0,2646,508
10.0,771,508
1.0,3537,508
1.0,747,508
4.0,3538,508
1.0,1203,508
2.0,391,508
2.0,392,508
1.0,1167,508
1.0,3539,508
1.0,3540,508
1.0,3541,508
0.776,3542,508
0.904,3543,508
1.0,3544,508
1.282,3545,508
1.0,3546,508
1.0,3547,508
1.0,3548,508
2.0,3549,508
3.0,568,508
2.0,575,508
1.0,3550,508
2.0,3551,508
1.0,3552,509
1.0,3553,510
3.0,3555,510
1.0,3557,510
0.202,3559,510
2.0,1234,510
2.0,3561,510
0.732,3562,510
0.514,3563,510
0.96,3564,510
1.0,3565,510
1.0,3566,510
0.968,3567,510
2.0,3568,510
0.927,3569,510
1.0,3570,510
2.0,3571,510
1.0,3572,510
2.0,3364,510
2.0,3573,510
1.0,3574,510
1.0,3575,510
0.832,3576,510
1.0,3360,510
1.0,3577,510
1.0,3578,510
1.218,3579,510
2.0,3580,510
1.196,3581,510
0.8,3582,510
0.142,3583,510
1.0,3584,510
2.0,3585,510
2.0,3586,510
2.0,3587,510
1.0,3588,510
4.0,3589,510
1.0,1229,510
1.0,3590,510
1.0,3591,510
1.0,3592,510
1.0,3593,510
20.0,1246,510
1.0,3594,510
1.0,3595,510
1.0,3596,511
1.0,3291,511
5.0,610,512
1.0,3473,512
2.0,3597,512
1.0,3598,512
0.892,3599,512
0.448,3600,512
1.0,3601,512
1.0,3161,512
2.402,3602,512
2.0,3603,512
1.0,2381,512
1.0,3180,512
2.0,2564,512
5.0,370,512
1.0,3604,512
2.0,3605,512
1.0,3606,512
1.0,1299,512
1.0,848,513
2.0,3607,513
2.0,3493,513
2.0,3608,513
2.0,1978,513
1.0,3609,513
2.0,1977,513
4.0,1975,513
1.0,3610,513
3.0,849,513
2.0,3611,513
1.0,3612,514
1.0,3613,514
1.5,3614,515
1.0,3615,515
15.0,3616,515
2.0,3617,515
0.35,3618,515
0.83,3619,515
1.0,3294,515
1.0,3293,515
6.0,773,516
1.0,3620,516
4.0,3621,517
1.0,3622,517
1.0,3623,517
1.0,3624,517
1.0,3625,517
1.0,3626,517
1.0,3627,517
0.518,3628,518
1.0,3629,518
1.0,3630,518
2.0,3631,519
2.7,3632,519
4.0,3633,519
1.0,3634,519
4.0,1798,520
1.0,3341,520
1.0,1802,520
1.0,1801,520
3.0,1799,520
1.0,1800,520
1.0,3636,521
1.0,3637,521
1.0,3638,521
1.0,3639,521
1.0,3640,521
3.0,3641,521
1.0,3642,521
1.0,3643,522
1.0,3496,525
1.0,3497,525
1.0,3394,525
1.0,3498,525
2.0,3499,525
1.0,3644,526
1.0,3645,527
0.49,3646,527
1.0,3647,527
1.0,2105,527
2.0,3648,527
1.0,3649,527
2.0,3650,527
2.0,3651,527
1.0,3652,527
2.0,2084,527
1.0,3653,527
1.0,3654,527
2.0,3655,527
3.0,3656,527
1.0,3657,527
1.0,2093,527
2.0,3658,527
2.0,3659,527
2.0,3660,527
0.944,3661,527
1.006,3662,527
1.0,3663,527
2.0,3664,527
1.0,3665,527
0.936,3666,527
2.0,3667,527
1.0,3668,527
1.0,2077,527
1.0,3669,527
2.0,3670,527
1.0,3671,527
1.0,3672,527
1.0,3673,527
2.0,3674,527
1.0,3675,527
2.0,3676,527
2.0,3677,527
1.0,3679,528
1.0,3680,528
4.0,2919,528
1.0,3681,528
1.0,3682,528
1.0,3683,528
2.0,3684,528
1.0,3685,528
1.0,3686,528
1.0,3687,528
1.0,3688,528
1.0,2921,528
1.0,2938,528
1.0,3689,529
1.182,3690,529
1.0,3691,529
1.0,3693,529
1.232,3694,529
0.954,3696,529
1.0,3697,529
1.0,3698,529
2.0,3699,529
1.0,3700,529
1.0,3702,529
2.0,3703,529
0.814,3704,529
1.0,3705,529
4.0,3706,529
1.0,3707,529
1.847,3708,529
1.0,2986,529
2.0,3709,529
2.0,3710,529
1.0,3711,529
2.0,3712,529
1.0,3713,529
2.0,3714,529
1.0,3715,529
0.982,3716,530
1.0,3717,530
6.0,3718,531
6.0,3719,531
1.0,3720,531
2.0,3721,531
3.0,3722,531
2.0,3723,531
2.0,3724,531
2.0,3725,531
1.0,3726,531
1.0,3727,532
2.0,3728,532
1.0,3009,532
5.0,3730,532
1.0,3731,532
1.0,2370,532
0.964,3732,532
2.0,3733,532
1.0,3713,532
0.096,3734,532
0.216,3735,532
1.0,2424,532
1.0,3736,532
2.0,3737,532
1.0,3739,533
1.0,3740,533
1.0,3741,533
1.0,3742,533
1.0,3743,533
1.0,3745,534
1.0,2921,534
1.0,2920,534
2.0,3746,534
2.0,3747,535
1.218,3748,535
1.05,3749,535
1.0,3750,535
0.878,3751,535
1.0,3752,535
0.736,3753,535
1.0,3755,535
2.0,3756,535
1.0,3757,535
1.0,3758,535
2.0,3727,535
1.0,3759,535
1.0,3760,535
2.0,3761,535
1.0,3762,535
2.0,3763,535
2.0,3764,535
2.0,3765,535
0.16,3766,535
0.294,3767,535
1.0,2431,535
1.0,3768,535
1.0,3769,535
1.0,3770,535
1.0,3009,535
1.0,3008,535
0.848,3771,535
1.0,3772,535
1.0,3773,535
2.0,3774,536
1.0,3775,536
1.0,3776,536
1.0,3777,537
1.0,3778,537
1.0,3779,537
1.0,3780,537
1.0,3781,537
7.0,3782,537
2.0,3783,537
1.0,3784,537
1.0,3785,538
1.0,3786,539
1.0,3787,539
2.0,3788,540
1.0,3789,541
1.0,3790,541
1.0,3791,541
1.0,3792,541
1.0,3793,541
1.0,3794,542
1.0,3795,542
0.432,3796,543
1.0,3797,544
1.0,3798,545
0.942,3799,545
2.0,3800,545
1.0,3801,545
1.0,3803,545
0.854,3804,545
2.0,3805,545
1.0,3806,545
0.652,3807,545
2.0,3808,545
1.0,3809,545
1.0,3810,545
2.0,3811,545
1.14,3812,545
1.0,3813,545
0.296,3814,545
2.0,3815,545
1.0,2235,545
2.0,3816,545
2.0,3817,545
1.0,3818,545
1.0,3819,545
2.0,3821,545
3.0,3763,545
1.0,2370,545
0.358,3822,545
1.0,3823,545
1.0,3824,545
2.0,3825,545
1.0,3826,546
2.0,3827,547
1.0,3828,547
1.0,3829,547
1.0,3830,547
1.314,3831,547
0.824,3832,547
0.303,3833,547
0.489,3834,547
1.0,3835,547
1.0,3836,547
1.0,3837,547
2.0,3838,547
1.0,3839,547
1.0,3840,547
1.0,3841,547
1.0,3842,547
2.0,3843,547
0.57,3844,547
0.542,3845,547
1.0,3846,547
1.0,3847,548
1.0,3848,548
1.0,3849,549
1.0,3850,549
1.0,3851,549
1.0,1679,550
2.0,1674,550
1.0,3852,550
2.0,1675,550
1.0,1673,550
1.0,3853,550
1.0,1677,550
1.0,3854,550
1.0,3855,550
1.593,3856,551
3.0,3858,551
1.0,3859,551
6.0,3860,551
18.0,1884,551
2.0,3862,551
4.0,3863,551
0.792,3864,551
6.0,3865,551
1.144,3866,551
0.678,3867,551
0.698,3868,551
2.0,504,551
4.0,3869,551
3.0,3870,551
2.0,378,551
1.712,3871,551
2.0,3872,551
1.0,3873,551
1.0,3874,551
1.0,3875,551
4.0,3538,551
2.0,3876,551
1.0,2003,551
1.0,3877,551
1.0,1192,551
1.0,1191,551
1.0,3878,551
1.0,3879,551
1.0,3880,551
0.632,3881,551
2.0,3882,551
2.0,3883,551
1.0,3884,551
1.0,3885,551
1.0,3886,551
1.0,3887,551
1.0,3544,551
0.328,3888,551
1.0,3889,551
1.0,3890,551
1.0,3891,551
1.0,3892,551
1.0,3893,551
1.0,3894,551
2.0,3895,551
1.0,768,551
1.0,571,551
4.0,374,551
4.0,390,551
1.0,3896,551
1.0,3897,552
1.0,3898,552
2.0,588,553
2.0,3900,553
0.717,3901,553
1.0,600,553
1.0,3902,553
1.0,3903,553
1.0,3904,553
1.0,1005,553
1.0,2579,553
1.0,1958,553
1.0,3905,553
1.0,1650,553
2.0,3906,553
0.296,3907,553
1.0,3908,553
2.0,3909,553
1.0,3910,553
1.0,990,553
1.0,2390,553
1.0,3911,553
1.0,2381,553
1.0,604,553
1.0,1073,553
1.0,605,553
1.0,3912,553
1.07,3913,553
1.0,3914,553
1.0,3915,553
1.0,648,553
1.0,628,553
1.0,3916,553
8.0,3917,553
1.0,373,553
2.0,3918,553
1.0,3919,554
1.0,3920,554
1.884,3921,555
2.0,1005,555
1.0,3922,555
1.0,779,555
1.0,2484,555
1.0,3904,555
1.0,3923,555
1.0,3924,555
1.0,2388,555
2.0,3925,555
1.0,3926,555
2.0,600,555
0.248,3927,555
1.0,3928,555
1.0,3929,555
2.0,2564,555
2.0,1299,555
2.0,1018,555
2.0,3918,555
2.0,935,555
2.0,945,555
2.0,3930,555
2.0,3931,556
1.0,3932,556
1.0,3933,556
2.0,3934,556
1.0,3935,556
1.0,3936,557
1.0,3937,557
1.0,3938,557
2.0,3939,557
1.0,3940,557
1.0,3941,557
0.452,3942,557
1.0,3943,557
1.0,3944,557
1.0,3945,557
1.0,3946,558
1.0,3947,558
1.0,3948,559
1.0,3949,559
4.0,3950,560
1.0,3951,561
1.0,3952,561
1.0,3953,561
1.0,3954,561
1.0,3955,561
1.0,3956,561
1.0,3957,561
1.0,3958,561
3.0,3959,562
1.0,3960,562
1.0,3961,562
1.0,3962,562
1.0,3963,562
1.0,3964,562
1.0,3965,562
1.0,3966,562
1.0,3967,562
1.0,3968,562
1.0,3969,562
1.0,3970,563
10.0,3971,563
1.0,3972,564
1.0,3973,564
1.0,3974,564
2.0,1908,565
2.0,1909,565
1.0,3975,565
1.0,3976,565
1.0,3977,565
1.0,3978,565
2.0,3979,565
1.0,3980,566
1.0,3982,566
1.0,2668,566
1.0,3985,566
1.0,3987,566
1.0,3988,566
1.0,3990,566
1.0,3992,566
1.0,3994,566
1.0,3996,566
1.0,3998,566
1.0,4000,566
0.59,4002,567
1.0,4003,567
1.0,4004,567
10.0,3616,567
2.0,4005,567
1.0,4006,567
1.0,4007,567
3.0,4008,567
1.0,4009,567
1.0,4010,567
1.0,4011,567
0.3,3618,567
1.0,4012,567
1.0,4013,567
0.14,4014,567
1.0,4015,567
1.0,653,568
1.0,625,568
1.0,3217,568
1.0,658,568
1.0,3436,568
1.0,657,568
1.0,4016,569
1.0,4017,569
1.0,4018,569
1.0,4019,569
1.0,4020,569
1.0,4021,569
1.0,4022,570
1.0,4023,570
1.0,4024,570
0.36,4025,570
1.0,4026,570
1.0,4027,570
1.0,4028,570
1.0,4029,570
1.46,4030,570
0.24,4031,570
1.0,4032,570
2.0,4033,571
2.0,4035,571
2.0,4036,571
1.0,3896,571
1.0,4037,571
1.0,4038,571
4.0,3872,571
1.0,4039,571
1.0,3885,571
0.708,4040,571
0.728,4041,571
1.0,4042,571
2.0,3876,571
1.0,385,571
2.0,378,571
2.0,4043,571
1.0,2646,571
2.0,4044,571
1.0,4045,571
1.0,752,571
1.0,583,571
0.962,4046,571
1.0,4047,571
2.0,1092,571
2.0,766,571
1.0,3875,571
10.0,771,571
2.0,747,571
1.0,4048,571
1.0,4049,571
1.0,4050,571
1.0,1203,571
2.0,4051,571
1.0,4052,571
1.0,4053,572
9.0,4054,572
22.86,4055,573
2.0,3918,574
1.0,4057,574
1.0,4058,574
1.0,4059,574
1.0,3180,574
0.787,4060,574
1.0,3904,574
1.0,602,574
1.0,2484,574
1.0,4061,574
1.0,4062,574
2.0,2388,574
1.0,3924,574
1.0,3911,574
1.0,990,574
1.0,605,574
1.0,604,574
1.0,4063,574
1.0,4064,574
1.634,4065,574
3.0,3278,574
1.0,2476,574
1.0,1073,574
1.0,4066,574
2.0,700,574
1.0,4067,574
0.24,4068,574
1.0,4069,574
1.0,4070,574
1.0,699,574
1.0,3277,574
0.834,4071,574
1.0,4072,574
2.0,4073,574
0.924,4074,574
1.0,373,574
2.0,4075,574
2.0,935,574
2.0,945,574
2.0,1018,574
1.0,4076,575
1.0,4077,575
1.0,4078,575
1.0,4079,575
1.0,4080,575
2.0,4081,575
1.0,4082,575
1.0,4083,575
1.0,4084,575
1.0,4085,575
1.0,4086,575
1.0,4087,575
1.0,4088,575
1.0,4089,575
1.0,4090,575
1.0,4091,575
1.0,4092,575
1.0,4093,575
1.0,4094,576
1.0,4095,576
1.0,4096,576
1.0,3426,576
1.0,4097,576
1.0,4098,576
0.3,4099,576
2.0,4100,576
1.0,4101,577
1.0,4102,577
1.0,4103,577
0.284,4104,577
1.0,4105,577
1.0,4106,577
1.0,2389,577
1.0,4107,577
1.0,3597,577
1.138,4108,577
1.0,4109,577
1.0,1737,577
1.0,4110,577
2.0,3450,577
1.0,2388,577
1.0,1291,577
1.0,635,577
4.0,601,577
1.406,4111,577
1.0,4112,577
1.0,605,577
1.0,1010,577
0.182,4113,577
1.0,3911,577
1.0,4114,577
2.0,2544,577
1.0,789,577
3.0,4115,577
1.116,4116,578
3.0,4118,578
1.0,4120,578
1.0,4122,578
2.0,4124,578
4.0,4125,578
1.0,4127,578
2.0,3129,578
1.0,4129,578
1.0,4131,578
1.072,4132,578
2.0,4133,578
1.0,4134,578
1.0,4135,578
2.0,4136,578
2.0,4137,578
1.0,1109,578
1.0,4138,578
1.0,4139,578
1.0,3548,578
1.0,3544,578
2.0,4140,578
1.21,4141,578
1.0,4142,578
1.0,4143,578
3.0,4144,578
1.0,4145,578
1.0,3875,578
1.0,4146,578
1.0,4147,578
1.0,4148,578
1.0,4149,578
1.0,3878,578
1.0,4150,578
1.0,4151,578
2.0,2006,578
2.0,768,578
0.625,4152,578
2.0,4153,578
2.0,4154,578
1.0,4155,578
1.0,377,578
1.0,4156,578
1.0,3892,578
1.0,3872,578
1.0,4157,578
1.0,3145,578
1.0,4158,578
1.0,4159,578
3.0,2629,578
1.0,4160,578
1.0,4161,578
1.0,4162,578
1.0,583,578
2.0,4163,579
2.0,4165,579
4.0,2544,579
1.0,4168,579
1.794,4169,579
3.0,4170,579
1.0,698,579
1.0,4171,579
2.0,2564,579
0.216,4172,579
2.0,924,579
2.0,3486,579
1.0,935,579
2.0,372,579
2.0,945,579
2.0,1018,579
3.0,4173,579
1.0,4174,580
1.0,4009,580
0.6,4099,580
1.0,4175,580
8.0,4176,580
1.0,4015,580
3.0,4177,581
3.0,4178,581
1.0,4179,581
1.0,4180,581
1.0,3975,581
1.0,1640,581
1.0,4181,581
1.0,4182,582
1.0,4183,582
1.0,4184,582
1.0,4185,582
1.0,4186,582
1.0,4187,582
1.0,4188,582
1.0,4189,583
1.0,4190,584
1.0,3782,584
1.0,3784,584
1.0,3783,584
1.0,4191,584
1.0,4192,584
1.0,4193,584
1.0,4194,584
2.0,4195,585
2.0,4196,585
1.0,3331,586
0.85,4197,587
2.0,4199,587
2.0,4201,587
3.0,4203,587
1.0,4205,587
2.0,4207,587
0.314,4209,587
1.0,4211,587
2.0,4212,587
3.0,4214,587
3.0,4215,587
1.05,4217,587
1.0,4218,587
1.0,4220,587
1.0,4222,587
1.0,4223,587
2.0,4225,587
1.0,4227,587
2.0,4228,587
1.0,4229,587
1.0,4231,587
1.0,4232,587
1.0,4234,587
1.0,4236,587
1.0,4238,588
1.0,4239,588
1.0,4240,590
1.6,4241,590
50.5,4242,591
1.0,4015,592
1.0,4243,592
2.0,4244,592
3.0,3294,592
1.0,3293,592
1.0,4245,592
2.0,4246,593
2.0,4247,594
1.0,4240,594
1.0,4248,595
1.0,4249,595
2.0,975,595
1.0,4250,595
1.0,4251,595
1.0,4252,596
1.0,4253,596
1.0,4254,596
2.0,4255,597
1.0,600,597
1.0,4256,597
1.0,602,597
2.0,4257,597
1.0,601,597
2.0,1005,597
1.0,4258,597
2.0,4259,597
1.0,4260,597
1.0,4261,597
1.0,724,597
1.0,4262,597
1.0,4263,597
0.27,4264,597
0.982,4265,597
1.0,4266,597
3.0,924,597
2.0,3916,597
0.252,793,598
0.368,4267,598
1.0,4268,598
1.0,4269,599
1.0,4270,599
1.0,4271,599
1.0,4272,599
6.0,4273,600
18.0,4274,600
3.0,4275,600
1.0,3435,600
1.0,4276,600
1.0,4277,600
1.0,4278,601
1.0,4279,601
1.0,4280,601
1.0,4281,601
1.0,4282,601
1.0,4283,601
2.0,4240,602
1.0,4284,602
3.0,4247,602
2.0,4285,603
2.0,3916,603
1.0,4287,603
2.0,1291,603
6.0,4255,603
0.616,4288,603
2.0,2388,603
0.525,4289,603
1.124,4290,603
1.316,4291,603
1.0,4292,603
1.0,4293,603
2.0,945,603
1.0,4294,603
1.0,2390,603
2.0,1018,603
2.0,935,603
1.0,4295,603
1.0,4296,603
3.0,4297,603
3.0,4298,603
1.0,4299,603
1.0,1177,603
1.0,4300,603
2.0,4301,603
1.0,373,603
1.0,4302,604
1.0,4303,604
1.0,4253,604
1.0,4304,605
1.0,4305,605
2.0,4306,605
1.0,4307,605
2.0,4308,605
1.0,4309,605
2.0,4310,605
1.0,4311,605
1.0,4312,606
1.0,4313,606
2.0,4314,607
3.0,4316,607
1.0,4317,607
2.0,4319,607
2.0,4321,607
2.0,4322,607
1.0,4323,607
1.0,4324,607
2.0,4325,607
1.0,4326,607
1.0,4327,607
1.0,4328,607
2.0,4329,607
2.0,4330,607
1.0,4331,607
2.0,4332,607
2.0,1374,607
1.0,4333,607
1.0,4334,607
1.0,4335,607
1.0,4336,607
2.0,4337,607
1.0,4338,607
2.0,4339,607
1.0,4205,607
2.0,4340,607
1.0,4341,607
1.0,4342,607
0.304,4343,607
1.0,4344,607
1.0,4345,607
1.0,4346,607
1.0,4347,607
1.0,4348,607
1.0,4349,607
1.0,4350,607
1.012,4351,607
0.296,4352,607
0.982,4353,607
1.492,4354,607
1.0,4355,608
1.0,4356,608
1.0,4357,609
1.0,373,609
1.0,918,609
3.0,4297,609
1.0,4358,609
2.0,1060,609
2.0,639,609
2.0,4359,609
1.0,4360,609
1.0,602,609
1.0,4058,609
1.0,1958,609
0.782,4361,609
1.0,2388,609
1.0,4362,609
0.238,4363,609
1.544,4364,609
1.0,3922,609
1.0,731,609
1.0,4069,609
10.0,1052,609
1.0,4365,609
1.0,4366,609
1.0,4367,609
1.0,3916,609
2.0,2564,609
3.0,4368,610
3.0,4369,610
1.0,4370,611
1.0,1630,611
1.0,1355,611
1.0,1473,611
1.0,1472,611
2.538,4371,612
1.0,794,612
10.0,4372,614
29.86,4373,615
5.0,4374,616
1.0,4375,616
1.0,4376,616
1.0,4377,616
12.0,4378,616
1.0,4380,617
3.0,4381,617
10.0,4372,618
2.0,4240,618
2.0,4284,618
1.0,4382,619
1.0,4383,619
1.0,4384,619
2.0,4385,619
1.0,4386,619
1.0,4387,619
1.0,4388,619
3.0,4389,619
1.0,4390,619
1.0,4391,620
1.0,2042,621
1.0,4392,621
1.0,4393,621
1.0,4394,621
4.0,4255,622
3.0,4396,622
0.738,4397,622
1.0,4398,622
2.0,4257,622
1.0,4399,622
1.0,600,622
1.0,602,622
3.0,4400,622
5.0,370,622
1.0,373,622
2.0,1018,622
1.0,605,622
1.0,4401,623
6.0,2300,623
6.0,2298,623
1.0,3698,623
1.0,4402,623
2.0,2414,623
1.0,4403,623
1.0,4404,623
2.0,4406,623
1.314,4407,623
1.0,4408,623
1.096,4409,623
1.318,4410,623
2.0,3810,623
2.0,3733,623
1.0,4411,623
1.0,4412,623
4.0,4413,623
2.0,3759,623
2.0,4414,623
1.124,4415,623
2.0,4416,623
2.0,4417,623
1.282,4418,623
2.0,4419,623
2.0,3817,623
2.0,3811,623
0.722,4420,623
1.0,4421,623
1.0,4422,623
1.0,4423,623
2.101,4424,623
2.0,3765,623
2.0,2431,623
0.14,4425,623
2.0,3761,623
2.0,4426,623
1.0,4427,623
1.0,4428,623
4.0,4429,623
0.334,4430,623
2.0,4431,623
1.0,4432,623
1.0,4433,623
1.0,4434,623
1.0,4436,624
1.0,4437,624
1.0,4438,624
1.0,4439,624
1.0,4440,624
1.0,4441,624
1.0,4442,625
0.728,4443,626
0.3,4445,626
6.0,4446,627
6.0,4447,627
1.0,4448,627
2.0,4449,627
1.0,4450,627
4.0,4451,627
1.0,4452,628
1.0,4453,628
1.0,4454,628
1.0,4455,628
1.0,4456,628
1.0,4457,628
1.0,4459,629
1.0,4460,629
2.0,3827,629
1.0,4461,629
0.848,4462,629
0.146,4463,629
2.0,4464,629
0.359,4465,629
0.31,4466,629
0.324,4467,629
1.0,4468,629
1.0,4469,629
1.0,4470,629
0.315,4471,629
1.0,4472,629
2.0,4473,629
1.0,4474,629
1.0,4475,629
1.056,4476,629
1.0,4477,629
1.0,4478,629
1.0,3838,629
1.0,4479,629
1.0,3841,629
1.0,4480,629
1.0,2938,630
1.0,3745,630
1.0,2921,630
1.0,4481,630
4.0,4482,630
0.35,4483,631
1.0,4484,631
0.744,4485,631
2.0,3808,631
1.0,4486,631
2.0,3733,631
1.0,4487,631
0.764,4488,631
2.0,4489,631
1.016,4490,631
1.0,4491,631
2.0,4492,631
1.0,2362,631
1.0,4493,631
1.0,4494,631
1.016,4495,631
1.0,2235,631
1.0,3747,631
0.812,4496,631
1.034,4497,631
3.0,4498,631
3.0,4499,631
2.0,4500,631
1.0,4501,631
2.0,4502,631
1.0,4503,631
2.0,4500,631
1.0,4504,631
2.0,4505,631
2.0,4506,631
1.0,2431,631
0.302,4507,631
1.0,4508,631
2.0,3761,631
1.0,4509,631
1.0,4510,631
1.0,4511,631
2.0,4512,631
2.0,4513,631
1.0,4515,632
1.0,4516,632
1.0,3310,633
1.0,4517,634
1.0,4519,634
1.0,4521,634
1.0,4523,634
1.0,4525,634
1.0,848,635
1.0,4527,635
1.0,1973,635
2.0,4528,635
2.0,4529,635
1.0,4530,635
1.0,850,635
1.0,4531,635
4.0,1975,635
2.0,3916,636
1.0,3446,636
1.0,4533,636
1.0,4534,636
3.0,601,636
1.0,4535,636
2.0,2564,636
1.0,4536,636
2.0,4069,636
1.292,4537,636
1.0,4538,636
1.0,4539,636
1.0,3246,636
0.904,2586,636
1.0,3182,636
1.0,4540,636
1.0,600,636
3.0,4541,636
1.0,647,636
1.0,933,636
1.0,4542,636
1.0,2390,636
0.13,4543,636
0.304,4544,636
0.594,4545,636
1.0,4546,636
1.0,602,636
2.0,4547,636
1.0,603,636
1.0,990,636
4.0,4548,637
12.0,4549,637
1.0,4550,637
1.0,4551,637
2.0,4552,638
2.0,4554,638
1.0,4555,638
1.0,3146,638
1.0,4556,638
1.0,4557,638
1.0,765,638
1.0,4558,638
1.0,4559,638
1.0,4560,638
1.0,4561,638
1.0,3879,638
1.0,4562,638
1.0,571,638
1.0,768,638
2.0,4563,638
2.0,4564,638
2.0,378,638
1.0,4565,638
1.0,4566,638
2.0,4567,638
1.0,4568,638
1.0,4569,638
1.0,4570,638
1.0,4571,638
1.0,4572,638
1.0,4573,638
1.0,1187,638
2.0,4574,638
1.0,504,638
1.0,3538,638
1.0,3882,638
2.0,1167,638
2.0,4160,638
2.0,392,638
2.0,3540,638
4.0,4575,638
1.0,4576,639
1.0,4577,639
1.0,4578,640
1.0,4579,640
1.0,4580,640
2.0,4581,640
1.0,4582,640
1.0,4583,640
1.0,4584,640
1.0,4585,640
2.0,4586,640
3.0,4587,640
0.835,4588,641
0.8,4589,641
1.0,4590,641
1.0,4591,641
0.075,4592,641
1.0,4593,641
1.0,4594,641
2.0,4595,641
1.0,4596,641
10.0,2532,641
1.0,4597,641
1.0,2534,641
1.0,2068,641
1.0,4598,642
0.812,4600,642
2.0,4601,642
1.0,4602,642
1.0,4603,642
1.0,3447,642
2.0,4604,642
1.0,4605,642
1.0,783,642
3.0,1018,642
2.0,639,642
1.0,4606,642
1.0,4607,642
1.0,4398,642
2.0,3925,642
1.0,2585,642
1.0,2381,642
2.0,935,642
1.0,2579,642
0.704,4608,642
1.0,4609,642
3.0,924,642
2.0,372,642
2.0,945,642
1.0,4610,642
1.0,648,642
1.0,1650,642
1.0,602,642
1.0,1299,642
1.0,4611,643
1.0,4612,644
1.0,3291,644
1.0,4613,645
1.0,4615,646
1.0,4616,646
1.0,4617,646
1.0,4618,646
1.0,4619,646
1.0,4620,647
1.0,4621,647
26.84,4622,648
3.0,3338,649
1.046,4623,650
0.942,4624,650
1.122,4625,650
2.0,4626,650
2.0,2911,650
1.0,4627,650
1.0,4628,650
2.0,4629,650
1.0,4630,650
1.0,4631,650
2.0,4632,651
1.0,4633,651
1.0,3745,651
1.0,2921,651
1.0,4634,651
1.0,4635,651
1.0,4636,651
1.0,4637,651
1.0,4638,651
1.0,4639,651
1.0,4640,651
1.0,4641,651
1.0,2871,651
39.24,4643,652
10.0,610,653
1.0,4644,653
1.0,1072,653
0.849,4645,653
2.0,4646,653
1.0,4059,653
1.0,4647,653
1.0,4648,653
1.0,4649,653
1.0,4650,653
1.0,3180,653
1.0,4651,653
1.0,4652,653
1.0,1051,653
1.0,1299,653
0.978,4653,653
0.294,4654,653
2.0,4655,653
0.384,4656,653
1.0,2507,653
0.026,4657,653
1.0,4658,653
4.0,4659,653
2.0,602,653
0.908,4660,653
1.0,4661,653
1.0,4662,653
1.0,3272,653
1.0,4663,653
1.0,1066,653
2.0,600,654
1.0,3182,654
1.0,4171,654
1.0,2390,654
0.784,4664,654
2.0,4665,654
1.0,4666,654
1.0,4667,654
1.0,4668,654
1.0,4669,654
2.0,4670,654
2.0,4671,654
2.0,4672,654
1.104,4673,654
1.0,942,654
1.0,4674,655
2.0,4675,656
3.0,4677,656
4.0,4203,656
2.0,4679,656
6.0,4681,656
6.0,1379,656
4.0,4214,656
1.0,4683,656
1.0,4685,656
1.0,4686,656
1.0,4687,656
1.0,4689,656
1.0,4690,656
2.0,4691,656
1.0,4693,656
1.0,4694,656
1.0,4696,656
1.0,4697,656
1.0,4698,656
1.0,4699,656
1.0,4700,656
1.0,4701,656
1.0,4702,656
1.0,4703,656
1.0,1377,656
2.0,4704,656
1.0,4705,656
2.0,1374,656
1.0,4334,656
10.0,4706,656
1.0,4707,656
1.0,4708,656
1.0,4709,656
1.0,4711,656
1.0,4712,656
1.0,4713,656
1.0,4332,656
1.0,4336,656
3.0,4715,656
3.0,4716,656
1.0,4717,656
1.0,4719,656
1.0,4721,657
1.0,4722,657
1.0,4723,658
1.0,2047,658
1.0,4724,658
1.0,4725,658
1.0,4726,658
3.0,4727,659
3.0,4728,659
2.0,4729,659
1.0,4730,659
0.29,4731,660
1.0,4732,661
1.986,4733,662
4.0,4734,663
3.0,4735,663
1.0,4736,663
1.0,4737,663
1.0,4738,663
1.0,4739,663
1.0,4740,663
2.0,4741,663
1.0,4742,663
1.0,4743,663
1.0,4744,663
1.0,4745,664
1.0,4746,664
1.0,4747,664
1.0,4748,664
1.0,4749,664
1.0,2498,664
1.0,602,665
2.0,639,665
2.0,2388,665
1.0,3924,665
0.788,4750,665
1.0,3183,665
1.0,3246,665
1.0,4751,665
1.0,2390,665
1.0,1073,665
1.0,603,665
1.0,4752,665
1.0,3911,665
1.0,4753,665
1.0,4366,665
1.0,373,665
1.0,4365,665
1.0,4754,665
6.0,1052,665
1.0,4669,665
1.0,4755,665
1.0,4756,665
2.0,4757,665
0.238,4758,665
1.0,4759,665
8.0,4760,666
2.0,4761,666
10.0,4762,666
3.0,4763,666
3.0,4764,666
1.0,4765,667
1.0,1699,668
1.0,4766,668
1.0,4767,668
1.0,4768,668
4.0,1700,668
3.0,4769,668
1.0,4770,668
1.0,1701,668
1.0,4771,668
15.0,1613,668
50.0,4772,668
2.0,1614,668
2.0,1708,668
1.0,4773,669
1.0,1374,669
1.0,4775,669
0.849,4777,669
0.641,4778,669
1.0,1377,669
1.0,4779,669
0.305,4780,669
2.0,4338,669
1.0,4336,669
1.0,4781,669
1.0,4782,669
1.0,4783,669
1.0,4784,669
2.0,4785,669
1.0,4786,669
1.0,4787,669
1.0,4788,669
1.0,4342,669
1.0,4789,669
1.0,4341,669
1.0,4790,669
1.0,4791,669
1.0,4708,669
1.0,4792,669
8.0,4706,669
1.0,4793,669
1.466,4794,669
2.0,1392,669
2.0,4795,669
2.0,1389,669
3.0,4796,669
2.0,4797,669
2.0,4798,669
2.0,1388,669
2.0,1390,669
0.748,4799,669
1.0,4800,669
1.0,4801,669
1.0,4802,669
1.0,1380,669
2.0,4803,670
1.0,4804,670
1.0,4805,670
1.0,4806,671
4.0,4807,671
2.0,4808,672
2.0,4810,672
1.0,4811,672
6.0,4812,672
10.0,4813,672
2.0,4814,672
1.0,4815,672
1.0,4816,672
2.0,4817,672
2.0,4818,672
4.0,4819,672
4.0,4820,672
4.0,4821,672
4.0,4822,672
4.0,4823,672
4.0,4824,672
2.0,4825,672
2.0,4826,672
2.0,4827,672
2.0,4828,672
1.0,4829,672
1.0,4830,672
5.0,4831,672
2.0,4832,672
2.0,4833,672
3.192,4834,673
6.0,4835,673
6.0,2298,673
2.0,4836,673
0.686,4837,673
1.0,2424,673
1.0,4838,673
1.0,4839,673
1.0,3697,673
0.878,4840,673
1.0,4841,673
0.844,4842,673
1.046,4843,673
0.95,4844,673
1.0,4845,673
1.0,4846,673
1.0,4847,673
2.0,4489,673
0.656,4848,673
1.034,4849,673
1.0,4850,673
2.0,4851,673
0.628,4852,673
2.0,4853,673
1.0,3768,673
1.0,4854,673
1.0,2414,673
4.0,4855,673
1.0,4856,673
1.0,4857,673
1.0,4858,673
1.0,4859,673
1.0,3762,673
0.24,4860,673
1.0,4861,673
1.0,4862,673
1.0,4863,673
1.0,4864,673
1.0,4865,673
2.0,4866,674
1.0,4867,674
1.0,4868,674
1.08,4869,675
1.0,4870,675
1.0,4871,675
1.242,4872,675
1.0,4873,675
2.0,4874,675
0.706,4875,675
3.474,4877,675
5.0,4878,675
2.0,4879,675
0.676,4880,675
1.0,4881,675
1.0,2378,675
2.0,4882,675
1.0,3755,675
1.03,4883,675
2.0,4884,675
0.697,4885,675
0.862,4886,675
2.0,4486,675
3.0,4888,675
1.0,4889,675
2.0,4853,675
2.0,4890,675
1.0,4891,675
2.0,4892,675
2.0,4893,675
1.0,4894,675
1.0,4895,675
2.0,4896,675
1.0,4897,675
1.0,4898,675
1.0,4899,675
4.0,4900,675
2.0,4901,675
1.0,4902,675
1.0,4903,675
2.0,4904,675
1.0,4905,675
2.0,4861,675
4.0,4907,675
1.0,4908,675
1.0,4909,675
0.226,4910,675
2.0,4911,675
1.0,4912,675
1.0,2431,675
1.0,4913,675
1.0,4914,675
1.0,4915,675
1.0,3713,675
1.0,4916,675
1.0,4917,675
1.0,4918,676
1.0,4919,676
1.0,4920,676
1.0,4921,676
1.0,4922,676
1.0,4923,676
2.0,4924,677
2.0,4925,677
1.0,4926,677
1.0,4927,677
2.0,4928,677
2.0,4929,677
2.0,4930,677
1.0,4931,678
1.0,4932,678
1.0,4933,679
1.0,4934,679
1.0,4935,679
1.0,4936,679
1.0,4937,679
1.0,4938,679
1.0,4939,679
1.0,4940,679
1.0,4941,680
1.0,4942,680
48.51,4943,681
1.0,4945,683
1.0,4946,683
1.0,4947,683
1.0,4948,683
2.0,4949,683
1.0,4950,683
1.0,4951,683
1.0,4952,683
1.0,4953,683
1.0,4954,683
1.0,4955,684
2.0,4956,684
1.0,4957,685
1.0,4958,685
1.0,4959,686
1.0,4960,686
1.0,4961,686
1.0,4962,686
1.0,4963,687
1.0,4965,687
1.0,4967,688
1.0,4968,688
0.758,4969,689
1.0,4970,689
1.0,4971,689
1.0,4972,690
1.0,4973,690
1.0,1498,690
1.0,4974,690
1.0,4975,691
1.0,4976,691
4.0,4977,692
2.0,4979,692
1.0,4981,692
1.0,4982,692
1.0,4983,692
1.0,4984,692
3.0,4985,692
1.0,4986,692
1.0,4987,692
1.0,4988,692
1.0,4989,692
3.0,4990,692
1.0,4991,692
0.822,4992,692
1.0,4993,692
2.0,4994,692
1.0,4995,692
2.0,4996,692
2.0,4997,692
2.0,4998,692
1.0,4999,692
1.0,5000,692
1.0,5001,692
1.0,5002,692
1.0,5003,692
1.0,5004,692
1.0,5005,692
1.0,5006,693
1.0,5007,693
1.0,5008,693
1.0,5009,693
1.0,5010,693
1.0,5011,694
1.0,3411,695
2.56,5013,695
5.0,5014,696
1.0,5015,697
1.0,5016,697
6.0,5017,698
12.0,1379,698
3.0,1377,698
1.0,5020,698
6.0,5021,698
2.0,5022,698
1.0,5023,698
1.0,5024,698
1.0,5025,698
1.0,5026,698
1.0,5027,698
1.0,5028,698
1.0,5029,698
1.0,5030,698
2.0,4339,698
2.0,5031,698
1.0,5032,698
1.0,5033,698
1.0,5034,698
1.0,5035,698
1.0,4786,698
0.806,5036,698
1.0,5037,698
1.0,5038,698
2.0,5039,698
1.0,5040,698
2.0,5041,698
2.0,4203,698
1.0,4333,698
1.0,5042,698
1.0,1385,698
12.0,4706,698
2.0,4330,698
2.0,5043,698
2.0,4800,698
1.046,5044,698
1.0,5045,698
1.0,5046,698
1.0,5047,699
1.0,5048,699
2.0,5049,700
1.0,5050,700
3.0,5051,700
2.0,5052,700
1.0,5053,700
1.0,5054,700
2.0,5055,700
1.0,5056,700
1.0,5057,700
1.0,5058,700
1.0,5059,701
1.0,5061,701
1.0,5063,701
1.0,5065,701
1.0,5067,701
1.0,5069,701
1.0,5071,701
3.0,5073,702
1.0,5074,703
1.0,1737,703
1.0,5075,703
1.0,5076,703
4.0,601,703
1.0,605,703
1.0,604,703
2.0,5077,703
1.0,5078,703
2.0,602,703
1.0,600,703
1.0,3924,703
1.0,640,703
1.0,3315,703
2.0,635,703
1.037,5079,703
1.0,5080,703
1.0,5081,703
1.0,5082,703
1.0,5083,703
0.79,5084,703
0.866,5085,703
0.944,5086,703
1.0,5087,703
1.0,5088,703
1.0,5089,703
1.0,646,703
2.0,5090,703
0.222,5091,704
1.0,5092,705
1.0,5093,705
1.0,5094,705
1.0,5095,705
1.0,5096,705
1.0,5097,705
1.0,5098,705
1.0,5099,705
1.0,5100,705
2.0,5101,706
1.0,5102,707
1.0,5103,708
3.0,5104,708
1.0,5105,708
2.0,5106,708
1.0,5107,708
2.0,5108,708
1.0,5109,708
1.0,5110,709
1.0,5111,709
1.0,5112,710
1.0,5113,710
1.0,5114,710
1.0,5115,711
1.0,5116,711
1.0,5117,711
1.0,5114,711
1.0,5114,712
1.0,5118,712
1.0,5116,712
5.0,5119,713
1.0,5120,713
5.0,5119,714
1.0,5120,714
5.0,5119,715
1.0,5120,715
1.0,3647,716
1.0,5121,716
1.0,5122,716
1.0,5123,716
1.0,5124,716
6.0,5125,716
6.0,4447,716
1.0,5126,716
43.44,5128,717
2.0,5130,718
1.0,3798,718
0.372,5131,718
0.898,5132,718
2.0,5133,718
0.298,5134,718
1.0,4847,718
1.0,5135,718
1.0,5136,718
1.0,2424,718
0.966,5137,718
1.28,5138,718
1.0,5139,718
1.0,5140,718
2.0,4892,718
1.0,5141,718
1.0,5142,718
1.0,5143,718
1.0,5144,718
0.966,5145,718
1.0,5146,718
0.63,5147,718
2.0,4855,718
1.0,4857,718
2.0,5148,718
2.0,4853,718
1.0,5150,718
1.0,5151,718
2.0,5152,718
2.0,5153,718
4.0,3761,718
1.0,5154,718
2.0,5155,718
1.0,5156,718
1.0,5157,718
1.0,5158,718
0.25,5159,718
2.0,5160,718
1.0,5161,718
1.0,3713,718
1.0,2406,719
1.0,5162,719
1.0,5163,720
1.0,5164,721
1.0,5165,721
1.0,5166,722
1.0,5167,722
1.0,5168,722
1.0,5169,722
1.0,5170,722
1.0,5171,722
1.0,5172,722
0.973,5173,723
2.002,5174,723
1.0,5175,723
1.0,5176,723
6.0,5177,723
3.918,5178,723
1.0,5179,723
1.0,5180,723
2.0,4449,723
1.0,3647,723
2.0,5181,723
2.0,5182,723
2.0,2093,723
2.0,5183,723
0.126,5184,723
1.0,2095,723
1.0,3656,723
2.0,5185,723
3.0,5186,723
4.0,5187,723
1.0,5188,723
2.0,5189,723
2.0,5190,723
1.0,5191,723
1.0,5192,723
1.0,5193,723
1.0,5194,723
1.0,5195,723
1.0,5196,723
6.0,4446,723
6.0,4447,723
1.0,5197,723
1.0,3652,723
1.0,5198,723
1.0,5199,723
2.0,5200,723
1.0,5201,723
1.0,5202,723
1.0,5204,724
1.0,5205,724
1.0,5206,724
26.19,5207,725
1.0,2325,726
0.59,5210,726
1.0,5211,726
2.0,5212,726
4.0,5213,726
1.0,2339,726
1.0,5214,726
2.0,5215,726
2.0,5216,726
1.0,5217,726
1.0,5218,726
1.0,5219,726
1.0,5220,726
1.0,5221,726
1.0,5222,726
2.0,5223,726
1.0,5224,726
1.0,5225,726
1.0,5226,726
0.366,5227,726
1.0,2330,726
2.0,3018,726
1.0,5228,727
1.0,5229,728
1.0,5230,729
2.0,5231,729
1.0,5232,729
1.0,5233,729
0.106,5234,729
0.224,5235,729
0.452,5236,729
0.106,5237,729
3.0,5238,729
5.0,2255,729
1.0,5239,730
1.0,5240,731
40.0,5241,731
2.0,5242,732
1.0,5243,732
0.232,5244,732
1.0,5245,732
1.0,3100,733
1.0,5246,733
1.0,5247,733
19.87,5248,734
2.0,5250,735
2.0,5252,735
1.0,5253,735
2.0,5254,735
1.0,5255,735
1.0,5256,735
1.0,5257,735
1.0,5258,735
1.0,5259,735
1.0,5260,735
1.0,5261,735
1.0,5262,735
0.918,5263,735
1.0,5264,735
2.0,5265,735
2.0,5266,735
4.0,5267,735
1.0,5268,735
1.0,5269,735
0.818,5270,735
1.0,5271,735
0.282,5272,735
6.0,5273,735
8.0,5274,736
1.0,5275,736
2.0,5276,736
1.0,5277,736
1.0,5278,736
2.0,5279,736
1.0,5280,736
5.0,5281,736
2.0,5282,736
1.0,5283,736
1.0,5284,736
1.0,5285,736
0.823,5286,736
1.0,5287,736
1.0,5288,736
1.0,5289,736
1.0,5290,736
0.592,5291,736
0.559,5292,736
2.0,5293,736
4.0,5294,736
16.0,5295,736
1.0,5296,736
0.98,5297,736
0.476,5298,736
1.374,5299,736
1.0,5300,736
0.58,5301,736
1.0,5302,736
0.466,5303,736
1.0,5304,736
2.0,5305,736
5.0,5306,736
1.0,5307,736
0.522,5308,736
3.0,5309,736
1.0,5310,737
1.0,5311,737
1.746,5312,737
1.0,5313,737
1.0,5314,737
1.0,5315,737
1.0,4492,738
1.194,5316,738
1.0,5317,738
1.114,5318,738
2.0,4513,738
2.0,5319,738
2.0,5153,738
1.0,2378,738
1.0,5320,738
6.0,5321,738
1000.0,5322,739
1.0,5323,740
1.0,2271,740
1.0,5324,740
1.0,5325,740
1.0,5326,740
1.0,5327,740
1.0,5328,740
1.0,5329,740
1.0,5330,740
1.0,5331,740
1.0,5333,741
1.0,5334,741
1.0,5335,741
1.0,5336,741
2.0,5337,741
1.0,5338,741
1.0,5339,741
2.0,5340,741
1.0,5341,741
1.0,5342,741
1.0,5343,741
1.0,5344,741
1.0,5345,741
1.0,5346,741
1.0,5347,741
1.0,5348,741
1.0,5349,741
1.0,5350,742
1.0,5351,742
1.0,5352,742
1.0,5353,742
1.0,5354,742
1.0,5355,742
1.0,5357,744
1.0,5358,744
1.0,5359,744
6.0,5360,744
1.0,5362,745
2.0,5363,746
2.0,5364,746
2.0,5365,746
1.0,5366,747
1.0,5367,747
1.0,5368,747
1.0,5369,747
1.0,5370,747
1.194,5371,747
1.0,5372,747
1.0,5373,747
1.0,5374,747
6.0,5375,747
12.0,5376,747
6.0,5377,747
20.0,5378,747
5.0,5379,748
1.0,5380,748
1.0,5358,748
5.0,5379,749
1.0,5380,749
1.0,5358,749
0.458,5382,751
2.0,5383,751
1.0,5384,751
1.0,5385,751
2.0,5386,751
1.0,5387,751
2.0,5388,751
2.0,5389,751
1.0,5390,751
2.0,5391,751
2.0,5392,751
2.0,5393,751
2.0,5394,751
2.0,5395,751
1.0,5396,751
1.0,5397,751
2.0,5398,751
6.0,5399,751
7.0,5400,751
1.0,5401,751
2.0,5402,751
1.0,5403,751
1.0,5404,751
1.0,5405,751
2.0,5407,752
1.0,5408,753
1.0,5409,753
1.0,5410,754
1.0,5323,755
1.0,2271,755
1.0,5324,755
1.0,5325,755
1.0,5326,755
1.0,5327,755
1.0,5328,755
1.0,5329,755
1.0,5330,755
1.0,5331,755
2.0,5411,756
2.0,5412,756
1.0,5413,757
2.0,5414,757
1.0,5415,757
1.0,5416,757
1.0,5417,757
1.0,5418,757
0.93,5419,757
2.0,5420,758
2.0,5421,758
1.0,5422,758
1.0,5423,758
2.0,5424,758
1.0,5425,758
1.0,5426,758
1.0,5427,758
1.0,5428,758
1.0,5429,759
1.0,5430,759
1.0,5431,759
1.0,5432,759
1.0,5433,759
1.0,5434,759
1.0,5435,759
0.602,5436,760
1.0,5437,760
1.0,5438,760
1.0,5439,760
1.198,5440,760
0.58,5441,760
4.0,5442,760
2.0,2670,761
2.0,5411,761
1.0,5412,761
1.0,5443,761
1.0,5444,761
1.0,5445,761
4.0,5446,761
2.0,5447,762
2.0,5449,762
1.0,5450,762
1.0,5452,762
1.0,5421,762
1.0,5428,762
2.0,5424,762
1.0,5453,762
1.0,5422,762
9.0,5454,763
1.0,5455,763
5.0,5456,763
1.0,5457,763
3.0,5458,763
1.0,5459,763
8.0,5460,763
1.0,5462,763
1.0,5463,763
6.0,5464,763
2.0,5465,763
2.0,5466,763
3.0,5467,764
4.0,5468,764
2.0,5469,764
4.0,5470,764
2.0,5471,764
2.0,5472,764
1.0,5473,765
2.0,5474,765
1.0,5475,765
5.0,5476,766
1.0,5477,767
1.0,5478,767
2.0,5479,767
1.0,5480,767
1.0,5481,767
1.0,5482,767
1.0,5483,767
0.178,5484,767
0.28,5485,767
6.0,5486,767
1.0,5488,767
20.22,5489,768
1.0,5491,769
2.0,5492,770
1.0,5493,770
2.0,5495,770
2.0,5497,770
1.0,5498,770
1.0,5499,770
1.0,5500,770
1.0,5502,770
1.0,5503,770
2.0,5504,770
0.584,5505,770
5.0,5506,770
0.464,5508,770
2.0,5509,770
0.14,5510,770
1.0,5511,770
0.724,5512,771
1.0,5513,771
1.352,5514,771
0.218,5515,771
1.0,5516,771
1.0,5517,771
1.0,5518,771
1.0,5519,771
5.0,5520,771
1.0,5521,771
1.0,5522,771
6.0,5388,771
1.0,5523,771
1.0,5525,771
6.0,5526,771
1.0,5527,771
1.0,5528,771
1.0,5529,771
1.0,5530,771
3.0,5398,771
1.0,5532,771
1.0,5534,772
1.0,5535,772
2.0,5536,772
2.0,5537,772
2.0,5538,772
1.0,5539,772
2.0,5540,773
1.0,5541,773
6.0,5542,774
6.0,2298,774
1.0,5543,774
0.988,5544,774
4.782,5546,774
1.0,5547,774
0.964,5548,774
1.0,5549,774
1.242,5550,774
1.0,5551,774
0.466,5552,774
4.0,5554,774
1.0,5555,774
2.0,5556,774
1.0,5557,774
3.0,3810,774
0.638,5558,774
2.0,5559,774
1.0,4862,774
1.0,5560,774
2.294,5561,774
1.0,5562,774
2.0,5563,774
2.0,2440,774
0.318,5564,774
1.0,5565,774
1.0,5566,774
2.0,4907,774
1.0,5567,774
2.0,4506,774
1.0,5568,774
1.0,4859,774
1.0,5569,774
0.174,5570,774
1.0,5571,774
1.0,5572,774
2.0,5573,774
1.0,5574,774
2.0,5576,775
1.0,5577,775
1.0,5578,775
1.0,5579,775
21.0,5580,776
1.0,5581,777
2.0,5582,777
1.0,5583,777
5.0,5584,778
5.0,5585,778
5.0,5586,778
5.0,5587,778
6.0,5588,778
14.0,4813,778
5.0,4824,778
3.0,4829,778
1.0,5589,778
4.0,4832,778
4.0,5590,778
4.0,4826,778
4.0,5591,778
3.0,5592,778
2.0,5593,778
2.0,4816,778
2.0,4814,778
2.0,4815,778
1.0,5594,779
1.0,5595,779
1.0,5596,780
1.0,5598,780
1.0,5599,780
2.0,1622,781
1.0,5601,782
1.0,5602,782
2.0,5603,782
1.0,5604,782
2.0,5605,782
1.0,5606,782
1.0,5607,782
2.0,5608,782
1.0,5609,782
0.558,5610,782
0.584,5611,782
1.084,5612,782
1.0,5613,782
1.0,5614,782
2.0,5616,783
2.0,5617,783
2.0,5618,783
1.0,5619,784
1.0,5620,784
1.0,5621,785
1.0,5622,785
4.0,5623,785
2.0,5624,785
6.0,5625,785
18.0,5626,785
12.0,5627,785
1.0,5628,786
1.0,5629,786
1.0,5630,786
1.0,5631,786
1.0,5632,786
1.0,5633,786
1.0,5634,786
1.0,5635,786
1.0,5637,787
2.0,5638,787
1.0,5639,787
2.0,5640,787
1.0,5641,787
3.0,5642,787
2.0,5643,787
3.0,5644,787
1.0,5645,787
1.0,5646,787
0.808,5647,787
6.0,5648,787
1.0,5650,788
1.0,5651,788
1.0,5652,788
1.0,5653,788
1.0,5654,788
1.0,5655,788
1.0,5656,788
1.01,5657,788
1.0,5658,788
1.104,5659,788
1.0,5660,788
1.0,5661,788
1.0,5662,788
1.0,5663,788
1.018,5664,788
1.0,5665,789
0.4,5666,789
1.0,5667,790
1.0,5668,790
1.0,5669,790
1.0,5670,790
1.0,5671,790
1.0,5672,791
1.0,5673,791
1.0,5674,791
2.0,5675,791
2.0,5676,792
1.0,5678,793
1.0,5679,793
1.0,5680,794
1.0,5681,794
1.0,5682,794
2.0,5683,794
1.0,5684,794
1.0,5685,794
2.0,5686,794
1.0,5687,794
1.0,5688,794
1.0,5689,794
1.0,5690,794
1.0,5691,794
1.0,5692,794
2.0,5693,794
1.0,5694,795
1.0,840,796
5.0,5695,796
2.0,5696,796
4.0,5697,796
2.0,5698,796
2.0,5699,796
2.0,5700,796
1.0,5701,796
1.0,5702,796
1.0,5703,796
5.0,5704,796
1.0,4249,796
1.0,5705,796
1.0,5706,796
1.0,5707,796
1.0,5708,796
1.0,1631,797
1.0,1471,797
43.85,5709,798
0.335,5710,799
1.0,5711,799
1.0,5712,799
1.0,5713,800
1.0,5714,800
1.0,5715,800
1.0,5629,800
1.0,5716,801
1.0,5717,802
1.0,5718,802
2.0,5719,802
4.0,1643,803
1.0,5720,804
1.0,5721,805
3.0,5722,805
1.0,5723,806
0.35,5724,806
1.0,5725,806
2.0,5656,806
4.0,5726,806
1.0,5727,806
1.44,5728,806
0.878,5729,806
10.0,5730,806
3.0,5731,806
1.0,5732,806
1.0,5733,806
1.0,5734,807
1.0,5735,807
2.0,5736,807
2.0,5737,807
1.0,5738,807
1.0,5739,807
1.0,5665,808
0.39,5740,808
2.0,5741,809
1.0,5743,809
1.144,5745,809
2.0,3527,809
3.0,390,809
2.0,5748,809
1.0,3141,809
1.0,4557,809
1.0,5749,809
2.0,5750,809
0.294,5751,809
1.0,5752,809
0.656,5753,809
2.0,5754,809
0.642,5755,809
1.0,385,809
1.0,5756,809
1.0,5757,809
1.0,377,809
1.0,5758,809
1.0,5759,809
1.0,5760,809
1.0,3879,809
1.0,504,809
1.0,5761,809
1.0,5762,809
1.0,5763,809
10.0,5764,809
1.0,5765,809
1.0,5766,809
1.0,5767,809
1.0,389,809
2.0,1167,809
1.0,5768,809
2.0,5769,809
3.0,5770,809
2.0,5771,809
5.0,374,809
2.0,5772,809
1.0,5773,809
2.0,391,809
2.0,392,809
3.0,3538,809
1.0,5774,809
1.0,5775,810
1.0,5776,810
1.0,5777,811
1.0,5778,811
1.0,5779,811
1.0,5780,811
1.0,5781,811
1.0,5782,811
1.0,5783,811
1.0,5784,811
1.0,5785,811
4.03,5786,811
1.0,5787,812
1.0,5788,812
1.0,5789,812
2.0,5790,812
3.0,5791,812
5.0,5792,812
1.0,3976,813
2.0,4178,813
2.0,5793,813
2.0,3975,813
1.0,5794,813
1.0,5795,813
1.0,5796,813
1.0,5797,813
1.0,5798,813
1.0,5799,814
1.0,5800,814
1.0,5801,814
1.0,5802,814
1.0,5803,814
1.0,5804,814
1.0,5805,815
2.0,5806,816
4.0,1698,816
20.0,4772,816
2.0,5807,816
1.0,5808,816
1.0,5809,816
1.0,5810,816
1.0,1701,816
5.0,1700,816
1.0,1699,816
3.0,1710,816
3.0,1712,816
7.0,5811,816
6.0,5812,816
1.0,4768,816
1.0,1612,816
3.0,4770,816
2.0,1615,816
3.0,1614,816
1.0,1606,816
6.0,4769,816
18.0,1613,816
1.0,5813,816
1.0,5814,816
1.0,5815,816
2.0,1711,816
1.0,5816,816
3.0,5817,816
1.0,5818,816
26.37,5819,817
5.0,5820,818
0.51,5821,818
0.36,5822,818
1.0,5823,818
1.0,5824,818
6.0,4176,818
1.01,5825,818
0.875,5826,818
1.11,5827,818
1.0,5828,818
0.46,5829,818
2.0,3860,819
14.0,1884,819
4.0,5830,819
4.0,5831,819
4.0,5832,819
1.0,5833,820
1.0,5834,820
1.0,5835,821
1.0,5836,821
1.0,5837,822
2.0,5838,822
1.0,5839,822
1.0,5840,822
2.0,5841,822
1.0,5842,822
1.0,5843,822
1.0,5844,823
1.0,5845,823
1.0,5846,824
4.0,5793,825
2.0,5847,825
1.0,3976,825
1.0,5848,825
1.0,5849,825
1.0,5850,825
1.0,5851,825
1.0,4179,825
1.0,1640,825
0.115,5852,826
1.0,5853,826
1.0,5854,826
1.0,4097,826
3.0,5855,826
1.0,5856,826
2.0,5857,827
2.0,5858,827
1.0,5859,827
6.0,5860,828
12.0,988,828
6.0,5861,828
1.0,5862,828
1.0,5863,828
1.0,1275,828
2.0,602,828
2.0,5864,828
2.0,372,828
3.0,1018,828
4.0,924,828
2.0,4255,828
1.0,5865,828
2.0,5866,829
1.0,5867,829
1.0,5868,829
1.0,5869,830
1.0,5871,831
2.0,600,831
1.0,5872,831
1.0,5873,831
1.0,602,831
1.0,2507,831
2.0,5874,831
1.0,601,831
1.0,5875,831
2.0,640,831
1.725,5876,831
1.082,5877,831
1.0,3923,831
4.0,5878,831
1.0,5879,832
1.0,5880,832
1.0,5881,832
1.0,5882,832
1.0,5883,833
1.0,5047,833
32.49,5884,834
1.0,5885,835
1.0,5886,835
2.0,5887,836
1.0,5888,836
1.0,5889,836
4.0,5890,836
2.0,5891,837
2.0,5892,837
2.0,5893,838
2.0,5894,838
1.0,5895,838
1.0,5896,838
1.0,5897,838
2.0,5898,838
2.0,5899,838
1.0,5900,838
1.0,5901,838
2.0,5902,838
1.0,5903,838
3.0,5904,838
1.0,5905,838
1.0,5906,838
1.0,5907,838
1.0,5908,838
1.0,5909,838
1.0,5910,838
1.0,5911,838
1.0,5912,838
1.0,5913,838
1.0,5914,838
1.0,5915,838
1.0,5916,839
1.0,5917,839
1.0,5918,839
1.0,5919,839
3.0,5920,839
1.0,5921,839
1.0,5922,839
1.0,5923,839
2.0,5924,839
2.0,5925,839
1.0,5926,839
4.0,5927,839
1.0,5665,840
0.38,5928,840
1.0,5929,841
1.0,5930,841
1.0,966,842
1.0,5931,843
1.0,5932,843
1.0,5933,843
1.0,5934,843
1.0,5935,843
1.0,5936,843
1.0,5937,843
1.0,5938,843
1.0,5939,844
1.0,5940,844
1.0,1471,845
1.0,2043,845
1.0,4392,845
1.0,5941,845
1.0,5942,845
1.0,5943,845
1.0,1022,845
1.0,1038,845
1.0,5944,845
1.0,1020,845
1.0,1755,845
1.0,5945,845
1.0,1358,845
1.0,5946,845
1.0,1356,845
1.0,5947,846
1.0,5670,847
1.0,5948,847
2.0,5949,847
1.0,5950,848
7.0,1888,848
6.0,5951,848
6.0,1884,848
4.0,4160,848
3.0,3527,848
5.0,5952,848
7.0,5953,848
3.0,5954,848
3.0,5955,848
3.0,5956,848
6.0,5957,848
1.0,5958,849
1.0,5959,849
1.0,5960,849
1.0,5961,849
1.0,5962,849
1.0,5963,849
1.0,5099,849
5.0,5964,849
1.0,5965,849
2.0,5966,849
2.0,5967,849
1.0,5968,850
5.0,5969,851
2.0,5970,852
4.0,5971,852
4.0,5972,852
12.0,4176,852
1.0,4174,852
1.0,4011,852
1.0,5973,852
